scenario_date,account_id,entity_id,entity_name,region,country,currency,purpose,restricted_flag,reporting_delay_days,closing_balance_usd,available_balance_usd,positive_available_usd,supplied_payment_buffer_7d_usd,scenario_surplus_after_7d_buffer_usd,supplied_payment_buffer_14d_usd,scenario_surplus_after_14d_buffer_usd,evidence_label,decision_boundary
2026-06-30,AC0001,E001,Aurelius Group Holdings,NA,United States,USD,Operating,False,2,2655696.63,2578167.03,2578167.03,413364.45,2164802.5799999996,624608.53,1953558.4999999998,ANALYST-CALC / ANALYST-ASSUMPTION,Uncertified screening windows do not separately validate complete cash needs; result is not movable cash
2026-06-30,AC0002,E001,Aurelius Group Holdings,NA,United States,USD,Collection,False,1,972230.11,897197.24,897197.24,0.0,897197.24,34683.2,862514.04,ANALYST-CALC / ANALYST-ASSUMPTION,Uncertified screening windows do not separately validate complete cash needs; result is not movable cash
2026-06-30,AC0003,E001,Aurelius Group Holdings,NA,United States,USD,Payroll,True,0,360977.09,338342.91,338342.91,48753.66,0.0,326316.45999999996,0.0,ANALYST-CALC / ANALYST-ASSUMPTION,Uncertified screening windows do not separately validate complete cash needs; result is not movable cash
2026-06-30,AC0004,E001,Aurelius Group Holdings,NA,United States,USD,Legacy,False,0,1770.61,1568.19,1568.19,0.0,1568.19,0.0,1568.19,ANALYST-CALC / ANALYST-ASSUMPTION,Uncertified screening windows do not separately validate complete cash needs; result is not movable cash
2026-06-30,AC0005,E002,Aurelius Home US,NA,United States,USD,Operating,False,0,3136468.64,2886942.34,2886942.34,349472.53,2537469.8099999996,620842.28,2266100.0599999996,ANALYST-CALC / ANALYST-ASSUMPTION,Uncertified screening windows do not separately validate complete cash needs; result is not movable cash
2026-06-30,AC0006,E002,Aurelius Home US,NA,United States,USD,Collection,False,0,3015221.85,2920407.47,2920407.47,13479.58,2906927.89,185048.14,2735359.33,ANALYST-CALC / ANALYST-ASSUMPTION,Uncertified screening windows do not separately validate complete cash needs; result is not movable cash
2026-06-30,AC0007,E002,Aurelius Home US,NA,United States,USD,Payroll,True,0,883303.36,823520.45,823520.45,47740.34,0.0,108016.47,0.0,ANALYST-CALC / ANALYST-ASSUMPTION,Uncertified screening windows do not separately validate complete cash needs; result is not movable cash
2026-06-30,AC0008,E002,Aurelius Home US,NA,United States,USD,Tax,True,1,670556.82,610367.38,610367.38,51550.9,0.0,65943.5,0.0,ANALYST-CALC / ANALYST-ASSUMPTION,Uncertified screening windows do not separately validate complete cash needs; result is not movable cash
2026-06-30,AC0009,E002,Aurelius Home US,NA,United States,USD,Legacy,False,1,22090.08,21747.1,21747.1,0.0,21747.1,0.0,21747.1,ANALYST-CALC / ANALYST-ASSUMPTION,Uncertified screening windows do not separately validate complete cash needs; result is not movable cash
2026-06-30,AC0010,E003,Aurelius Wellness US,NA,United States,USD,Operating,False,2,4439932.11,4302824.27,4302824.27,535346.15,3767478.1199999996,784323.51,3518500.76,ANALYST-CALC / ANALYST-ASSUMPTION,Uncertified screening windows do not separately validate complete cash needs; result is not movable cash
2026-06-30,AC0011,E003,Aurelius Wellness US,NA,United States,USD,Collection,False,0,2245738.82,2118213.55,2118213.55,0.0,2118213.55,147092.26,1971121.2899999998,ANALYST-CALC / ANALYST-ASSUMPTION,Uncertified screening windows do not separately validate complete cash needs; result is not movable cash
2026-06-30,AC0012,E003,Aurelius Wellness US,NA,United States,USD,Payroll,True,0,718956.02,664695.04,664695.04,6030.44,0.0,84534.01000000001,0.0,ANALYST-CALC / ANALYST-ASSUMPTION,Uncertified screening windows do not separately validate complete cash needs; result is not movable cash
2026-06-30,AC0013,E003,Aurelius Wellness US,NA,United States,USD,Tax,True,0,743497.79,704724.07,704724.07,29447.61,0.0,41281.07,0.0,ANALYST-CALC / ANALYST-ASSUMPTION,Uncertified screening windows do not separately validate complete cash needs; result is not movable cash
2026-06-30,AC0014,E004,Aurelius Canada,NA,Canada,CAD,Operating,False,0,718007.2844760324,688571.5338507355,688571.5338507355,257227.7855611905,431343.748289545,441514.3777108886,247057.1561398469,ANALYST-CALC / ANALYST-ASSUMPTION,Uncertified screening windows do not separately validate complete cash needs; result is not movable cash
2026-06-30,AC0015,E004,Aurelius Canada,NA,Canada,CAD,Collection,False,2,1096432.609229564,1018869.3859868619,1018869.3859868619,4200.207843296999,1014669.1781435648,4200.207843296999,1014669.1781435648,ANALYST-CALC / ANALYST-ASSUMPTION,Uncertified screening windows do not separately validate complete cash needs; result is not movable cash
2026-06-30,AC0016,E004,Aurelius Canada,NA,Canada,CAD,Payroll,True,2,421785.0709955424,392301.360025974,392301.360025974,13811.0269696186,0.0,40326.7423502734,0.0,ANALYST-CALC / ANALYST-ASSUMPTION,Uncertified screening windows do not separately validate complete cash needs; result is not movable cash
2026-06-30,AC0017,E005,Aurelius UK,EMEA,United Kingdom,GBP,Operating,False,2,2503178.3760772836,2278795.340741417,2278795.340741417,536765.0405570085,1742030.3001844084,1594068.683560819,684726.657180598,ANALYST-CALC / ANALYST-ASSUMPTION,Uncertified screening windows do not separately validate complete cash needs; result is not movable cash
2026-06-30,AC0018,E005,Aurelius UK,EMEA,United Kingdom,GBP,Collection,False,1,1949477.69890655,1737767.220091428,1737767.220091428,6669.102588253,1731098.1175031748,6669.102588253,1731098.1175031748,ANALYST-CALC / ANALYST-ASSUMPTION,Uncertified screening windows do not separately validate complete cash needs; result is not movable cash
2026-06-30,AC0019,E005,Aurelius UK,EMEA,United Kingdom,GBP,Payroll,True,0,437736.692556406,392834.50138161296,392834.50138161296,16660.737861918,0.0,96312.6437551384,0.0,ANALYST-CALC / ANALYST-ASSUMPTION,Uncertified screening windows do not separately validate complete cash needs; result is not movable cash
2026-06-30,AC0020,E005,Aurelius UK,EMEA,United Kingdom,GBP,Tax,True,0,409010.79364902095,373436.28276973503,373436.28276973503,45768.86888198351,0.0,45768.86888198351,0.0,ANALYST-CALC / ANALYST-ASSUMPTION,Uncertified screening windows do not separately validate complete cash needs; result is not movable cash
2026-06-30,AC0021,E006,Aurelius Germany,EMEA,Germany,EUR,Operating,False,3,5804633.394376353,5556329.96466271,5556329.96466271,396976.7057222927,5159353.258940417,755159.5778667852,4801170.386795925,ANALYST-CALC / ANALYST-ASSUMPTION,Uncertified screening windows do not separately validate complete cash needs; result is not movable cash
2026-06-30,AC0022,E006,Aurelius Germany,EMEA,Germany,EUR,Collection,False,1,2587896.810195093,2455452.2947181,2455452.2947181,8861.4281132379,2446590.8666048623,46516.5577875296,2408935.7369305706,ANALYST-CALC / ANALYST-ASSUMPTION,Uncertified screening windows do not separately validate complete cash needs; result is not movable cash
2026-06-30,AC0023,E006,Aurelius Germany,EMEA,Germany,EUR,Payroll,True,0,680981.4640758628,639107.6808410002,639107.6808410002,128838.5675322207,0.0,170073.9642811502,0.0,ANALYST-CALC / ANALYST-ASSUMPTION,Uncertified screening windows do not separately validate complete cash needs; result is not movable cash
2026-06-30,AC0024,E006,Aurelius Germany,EMEA,Germany,EUR,Legacy,False,0,9749.7283342692,9571.3963982055,9571.3963982055,0.0,9571.3963982055,0.0,9571.3963982055,ANALYST-CALC / ANALYST-ASSUMPTION,Uncertified screening windows do not separately validate complete cash needs; result is not movable cash
2026-06-30,AC0025,E007,Aurelius France,EMEA,France,EUR,Operating,False,2,-1251281.1461162264,-1251281.1461162264,0.0,276196.78074915113,0.0,506222.2437721255,0.0,ANALYST-CALC / ANALYST-ASSUMPTION,Uncertified screening windows do not separately validate complete cash needs; result is not movable cash
2026-06-30,AC0026,E007,Aurelius France,EMEA,France,USD,Collection,False,1,792617.86,762847.36,762847.36,372985.85,389861.51,422827.37,340019.99,ANALYST-CALC / ANALYST-ASSUMPTION,Uncertified screening windows do not separately validate complete cash needs; result is not movable cash
2026-06-30,AC0027,E007,Aurelius France,EMEA,France,EUR,Payroll,True,0,377040.04346900404,370325.1154437162,370325.1154437162,0.0,0.0,77365.1483983295,0.0,ANALYST-CALC / ANALYST-ASSUMPTION,Uncertified screening windows do not separately validate complete cash needs; result is not movable cash
2026-06-30,AC0028,E008,Aurelius Netherlands,EMEA,Netherlands,EUR,Operating,False,0,2880072.2226826465,2618662.564458734,2618662.564458734,432019.2774800789,2186643.286978655,1021147.5990837468,1597514.965374987,ANALYST-CALC / ANALYST-ASSUMPTION,Uncertified screening windows do not separately validate complete cash needs; result is not movable cash
2026-06-30,AC0029,E008,Aurelius Netherlands,EMEA,Netherlands,EUR,Collection,False,0,2970311.2621767027,2664768.2552699754,2664768.2552699754,2992.0508608329,2661776.2044091425,51621.3341042155,2613146.9211657597,ANALYST-CALC / ANALYST-ASSUMPTION,Uncertified screening windows do not separately validate complete cash needs; result is not movable cash
2026-06-30,AC0030,E008,Aurelius Netherlands,EMEA,Netherlands,USD,Payroll,True,0,582262.25,567710.54,567710.54,86126.38,0.0,136758.5,0.0,ANALYST-CALC / ANALYST-ASSUMPTION,Uncertified screening windows do not separately validate complete cash needs; result is not movable cash
2026-06-30,AC0031,E009,Aurelius Spain,EMEA,Spain,USD,Operating,False,1,2458791.34,2333677.35,2333677.35,264635.27,2069042.08,732063.63,1601613.7200000002,ANALYST-CALC / ANALYST-ASSUMPTION,Uncertified screening windows do not separately validate complete cash needs; result is not movable cash
2026-06-30,AC0032,E009,Aurelius Spain,EMEA,Spain,EUR,Collection,False,0,1111997.2679797988,1057834.755886407,1057834.755886407,55682.0302026546,1002152.7256837524,113254.21284392149,944580.5430424856,ANALYST-CALC / ANALYST-ASSUMPTION,Uncertified screening windows do not separately validate complete cash needs; result is not movable cash
2026-06-30,AC0033,E009,Aurelius Spain,EMEA,Spain,EUR,Payroll,True,2,566222.1877412946,529852.3881152794,529852.3881152794,23266.3520472967,0.0,96901.5059615692,0.0,ANALYST-CALC / ANALYST-ASSUMPTION,Uncertified screening windows do not separately validate complete cash needs; result is not movable cash
2026-06-30,AC0034,E010,Aurelius Singapore,APAC,Singapore,USD,Operating,False,2,-887011.95,-887011.95,0.0,445265.94,0.0,754428.37,0.0,ANALYST-CALC / ANALYST-ASSUMPTION,Uncertified screening windows do not separately validate complete cash needs; result is not movable cash
2026-06-30,AC0035,E010,Aurelius Singapore,APAC,Singapore,SGD,Collection,False,0,986654.4365645711,949036.7694589691,949036.7694589691,0.0,949036.7694589691,23534.6812955426,925502.0881634265,ANALYST-CALC / ANALYST-ASSUMPTION,Uncertified screening windows do not separately validate complete cash needs; result is not movable cash
2026-06-30,AC0036,E010,Aurelius Singapore,APAC,Singapore,SGD,Payroll,True,0,256548.12773031692,235704.16726234328,235704.16726234328,58755.555931761,0.0,237981.59493202038,0.0,ANALYST-CALC / ANALYST-ASSUMPTION,Uncertified screening windows do not separately validate complete cash needs; result is not movable cash
2026-06-30,AC0037,E010,Aurelius Singapore,APAC,Singapore,SGD,Legacy,False,0,6414.074775262599,5825.8699514336,5825.8699514336,0.0,5825.8699514336,0.0,5825.8699514336,ANALYST-CALC / ANALYST-ASSUMPTION,Uncertified screening windows do not separately validate complete cash needs; result is not movable cash
2026-06-30,AC0038,E011,Aurelius Australia,APAC,Australia,USD,Operating,False,0,5559192.62,5010592.13,5010592.13,352567.29,4658024.84,477284.94,4533307.1899999995,ANALYST-CALC / ANALYST-ASSUMPTION,Uncertified screening windows do not separately validate complete cash needs; result is not movable cash
2026-06-30,AC0039,E011,Aurelius Australia,APAC,Australia,AUD,Collection,False,0,1732850.738220467,1574689.7032263686,1574689.7032263686,15434.121133267401,1559255.5820931012,29250.1630887982,1545439.5401375704,ANALYST-CALC / ANALYST-ASSUMPTION,Uncertified screening windows do not separately validate complete cash needs; result is not movable cash
2026-06-30,AC0040,E011,Aurelius Australia,APAC,Australia,AUD,Payroll,True,3,607553.8079236305,571558.8113266785,571558.8113266785,77552.23688724301,0.0,139256.4203086946,0.0,ANALYST-CALC / ANALYST-ASSUMPTION,Uncertified screening windows do not separately validate complete cash needs; result is not movable cash
2026-06-30,AC0041,E012,Aurelius Japan,APAC,Japan,JPY,Operating,False,0,6019.3116869192,5460.3104283686,5460.3104283686,2539.6562625048,2920.6541658638,5993.895801106,0.0,ANALYST-CALC / ANALYST-ASSUMPTION,Uncertified screening windows do not separately validate complete cash needs; result is not movable cash
2026-06-30,AC0042,E012,Aurelius Japan,APAC,Japan,USD,Collection,False,0,574201.95,517671.21,517671.21,0.0,517671.21,10528.7,507142.51,ANALYST-CALC / ANALYST-ASSUMPTION,Uncertified screening windows do not separately validate complete cash needs; result is not movable cash
2026-06-30,AC0043,E012,Aurelius Japan,APAC,Japan,JPY,Payroll,True,1,3503.7226483416002,3089.261398786,3089.261398786,22.9475128556,0.0,1148.9482495178,0.0,ANALYST-CALC / ANALYST-ASSUMPTION,Uncertified screening windows do not separately validate complete cash needs; result is not movable cash
2026-06-30,AC0044,E013,Aurelius Korea,APAC,South Korea,KRW,Operating,False,0,1790.3398695137998,1687.6602501132,1687.6602501132,311.5351632128,1376.1250869004,484.7437365549,1202.9165135582998,ANALYST-CALC / ANALYST-ASSUMPTION,Uncertified screening windows do not separately validate complete cash needs; result is not movable cash
2026-06-30,AC0045,E013,Aurelius Korea,APAC,South Korea,KRW,Collection,False,2,1023.3871985172,1010.215061834,1010.215061834,0.0,1010.215061834,66.2394224115,943.9756394225001,ANALYST-CALC / ANALYST-ASSUMPTION,Uncertified screening windows do not separately validate complete cash needs; result is not movable cash
2026-06-30,AC0046,E013,Aurelius Korea,APAC,South Korea,KRW,Payroll,True,2,365.7090793994,334.8324556918,334.8324556918,12.8298206542,0.0,61.69427830670001,0.0,ANALYST-CALC / ANALYST-ASSUMPTION,Uncertified screening windows do not separately validate complete cash needs; result is not movable cash
2026-06-30,AC0047,E014,Aurelius India,APAC,India,INR,Operating,True,2,19442.677218676003,18026.07544154,18026.07544154,3383.6269911407,0.0,8599.6618620423,0.0,ANALYST-CALC / ANALYST-ASSUMPTION,Uncertified screening windows do not separately validate complete cash needs; result is not movable cash
2026-06-30,AC0048,E014,Aurelius India,APAC,India,INR,Collection,True,2,16208.748090136,15462.921063660002,15462.921063660002,226.6557041484,0.0,1104.490192756,0.0,ANALYST-CALC / ANALYST-ASSUMPTION,Uncertified screening windows do not separately validate complete cash needs; result is not movable cash
2026-06-30,AC0049,E014,Aurelius India,APAC,India,USD,Payroll,True,0,466751.1,425777.03,425777.03,37436.29,0.0,37436.29,0.0,ANALYST-CALC / ANALYST-ASSUMPTION,Uncertified screening windows do not separately validate complete cash needs; result is not movable cash
2026-06-30,AC0050,E015,Aurelius Hong Kong,APAC,Hong Kong,HKD,Operating,False,1,270744.9569878404,238623.85166916664,238623.85166916664,52957.99347490811,185665.85819425853,128380.60387693561,110243.24779223104,ANALYST-CALC / ANALYST-ASSUMPTION,Uncertified screening windows do not separately validate complete cash needs; result is not movable cash
2026-06-30,AC0051,E015,Aurelius Hong Kong,APAC,Hong Kong,HKD,Collection,False,0,85394.7417588642,75982.3501720842,75982.3501720842,2278.3783366215,73703.9718354627,6152.9233649487,69829.4268071355,ANALYST-CALC / ANALYST-ASSUMPTION,Uncertified screening windows do not separately validate complete cash needs; result is not movable cash
2026-06-30,AC0052,E015,Aurelius Hong Kong,APAC,Hong Kong,HKD,Payroll,True,0,37799.1115282638,35492.303621806204,35492.303621806204,4138.4070836614,0.0,7392.9315595522,0.0,ANALYST-CALC / ANALYST-ASSUMPTION,Uncertified screening windows do not separately validate complete cash needs; result is not movable cash
2026-06-30,AC0053,E016,Aurelius Global Sourcing,APAC,Singapore,USD,Operating,False,0,1319989.63,1176652.77,1176652.77,649373.16,527279.61,1261924.81,0.0,ANALYST-CALC / ANALYST-ASSUMPTION,Uncertified screening windows do not separately validate complete cash needs; result is not movable cash
2026-06-30,AC0054,E016,Aurelius Global Sourcing,APAC,Singapore,USD,Collection,False,0,1371830.46,1280067.04,1280067.04,38294.020000000004,1241773.02,38294.020000000004,1241773.02,ANALYST-CALC / ANALYST-ASSUMPTION,Uncertified screening windows do not separately validate complete cash needs; result is not movable cash
2026-06-30,AC0055,E016,Aurelius Global Sourcing,APAC,Singapore,USD,Payroll,True,0,384851.93,341037.85,341037.85,31474.879999999997,0.0,100652.38,0.0,ANALYST-CALC / ANALYST-ASSUMPTION,Uncertified screening windows do not separately validate complete cash needs; result is not movable cash
