date,net_closing_usd,gross_positive_closing_usd,gross_negative_closing_usd,net_estimated_available_usd,gross_positive_estimated_available_usd,gross_negative_estimated_available_usd,preliminarily_restricted_positive_available_usd,preliminarily_unflagged_positive_available_usd,delayed_positive_available_usd,evidence_label,decision_boundary
2026-01-01,59339319.57415971,61558603.721889324,-2219284.1477296147,55172705.86289805,57391990.010627665,-2219284.1477296147,8860695.534805981,48531294.47582168,24993685.062332965,ANALYST-CALC,Estimated availability and preliminary flags do not establish transferability
2026-01-02,60463100.19249086,62543848.30619611,-2080748.1137052448,56418377.273406185,58499125.387111425,-2080748.1137052448,8449583.213754792,50049542.17335664,26454942.356938206,ANALYST-CALC,Estimated availability and preliminary flags do not establish transferability
2026-01-03,60697040.123742804,62549467.051032305,-1852426.9272895022,56727556.265714355,58579983.193003856,-1852426.9272895022,8909337.25463721,49670645.93836665,25810455.947273917,ANALYST-CALC,Estimated availability and preliminary flags do not establish transferability
2026-01-04,59059707.2748365,60709897.20726287,-1650189.9324263744,55268858.21508929,56919048.14751566,-1650189.9324263744,8699444.10624219,48219604.041273475,25913095.39351097,ANALYST-CALC,Estimated availability and preliminary flags do not establish transferability
2026-01-05,58360584.4351629,60216202.450163886,-1855618.0150009827,54422238.63770837,56277856.65270935,-1855618.0150009827,8362582.362392871,47915274.290316485,24812873.837831326,ANALYST-CALC,Estimated availability and preliminary flags do not establish transferability
2026-01-06,58032234.48964286,60298878.10029571,-2266643.6106528537,53682304.967933536,55948948.57858639,-2266643.6106528537,8121333.413967865,47827615.16461852,25005029.892415054,ANALYST-CALC,Estimated availability and preliminary flags do not establish transferability
2026-01-07,58509092.62262958,60731678.15171359,-2222585.529083999,54174145.270793974,56396730.79987798,-2222585.529083999,8079628.332201559,48317102.467676416,24969987.20988148,ANALYST-CALC,Estimated availability and preliminary flags do not establish transferability
2026-01-08,59780399.67098828,62085101.89288848,-2304702.2219002014,55708412.58690818,58013114.80880838,-2304702.2219002014,8550106.149458151,49463008.659350224,26990282.618365467,ANALYST-CALC,Estimated availability and preliminary flags do not establish transferability
2026-01-09,60175755.38950579,62296869.65718782,-2121114.267682032,56455816.11499784,58576930.38267987,-2121114.267682032,8855597.186753577,49721333.195926294,26786569.360467184,ANALYST-CALC,Estimated availability and preliminary flags do not establish transferability
2026-01-10,63215588.19941093,65126373.7117949,-1910785.5123839667,58607016.00846217,60517801.520846136,-1910785.5123839667,8761223.471884899,51756578.04896124,26430886.071639594,ANALYST-CALC,Estimated availability and preliminary flags do not establish transferability
2026-01-11,58407318.16496925,60217310.77921419,-1809992.6142449332,54650830.318167314,56460822.932412244,-1809992.6142449332,8727120.30273366,47733702.629678585,24301566.925732777,ANALYST-CALC,Estimated availability and preliminary flags do not establish transferability
2026-01-12,58317489.02705168,60460636.65526901,-2143147.6282173325,54072557.61726269,56215705.24548002,-2143147.6282173325,8227925.097625394,47987780.14785463,25291511.14650523,ANALYST-CALC,Estimated availability and preliminary flags do not establish transferability
2026-01-13,58946244.38099786,61273907.553736985,-2327663.1727391295,54315400.22320333,56643063.39594246,-2327663.1727391295,8192317.439165869,48450745.95677659,26443389.84378396,ANALYST-CALC,Estimated availability and preliminary flags do not establish transferability
2026-01-14,58899712.75390958,61301593.35122493,-2401880.597315347,54121308.43588834,56523189.033203684,-2401880.597315347,8398491.994854134,48124697.038349554,25517795.22613425,ANALYST-CALC,Estimated availability and preliminary flags do not establish transferability
2026-01-15,57988383.23782863,60382762.14669799,-2394378.9088693606,53809526.35501457,56203905.263883926,-2394378.9088693606,8713845.72328248,47490059.54060145,25339242.739163417,ANALYST-CALC,Estimated availability and preliminary flags do not establish transferability
2026-01-16,60745564.47051378,62758762.114340484,-2013197.6438267024,55863989.067920044,57877186.711746745,-2013197.6438267024,8876239.418608498,49000947.29313825,25400844.12559228,ANALYST-CALC,Estimated availability and preliminary flags do not establish transferability
2026-01-17,59890714.862010665,61932277.33391669,-2041562.4719060175,55337665.25241749,57379227.7243235,-2041562.4719060175,8903100.028047131,48476127.696276374,24809952.6227336,ANALYST-CALC,Estimated availability and preliminary flags do not establish transferability
2026-01-18,59561363.437724814,61383092.73473294,-1821729.297008126,55489283.15781473,57311012.45482286,-1821729.297008126,8867883.22684731,48443129.227975555,25505704.245544255,ANALYST-CALC,Estimated availability and preliminary flags do not establish transferability
2026-01-19,60440571.82256862,62463382.21311159,-2022810.3905429733,56384466.46568123,58407276.85622421,-2022810.3905429733,8300745.841759574,50106531.01446463,26358140.678051908,ANALYST-CALC,Estimated availability and preliminary flags do not establish transferability
2026-01-20,58662931.049955145,60818162.98830979,-2155231.9383546514,54767543.87175367,56922775.81010833,-2155231.9383546514,8164398.967804418,48758376.8423039,26403753.486390207,ANALYST-CALC,Estimated availability and preliminary flags do not establish transferability
2026-01-21,59697109.822060965,61878246.96869727,-2181137.146636308,55653306.6825185,57834443.829154804,-2181137.146636308,8419078.44107013,49415365.38808468,26285220.925722163,ANALYST-CALC,Estimated availability and preliminary flags do not establish transferability
2026-01-22,60821924.87723039,63088836.098363824,-2266911.2211334337,57110545.270883046,59377456.49201648,-2266911.2211334337,8816924.002218006,50560532.48979847,26656311.009838298,ANALYST-CALC,Estimated availability and preliminary flags do not establish transferability
2026-01-23,61252205.1333923,63268204.077449806,-2015998.9440575119,56462332.605095595,58478331.549153104,-2015998.9440575119,8850646.988366695,49627684.56078641,25452493.97189236,ANALYST-CALC,Estimated availability and preliminary flags do not establish transferability
2026-01-24,60031350.01678373,61850360.86445368,-1819010.8476699512,56238809.22792394,58057820.07559389,-1819010.8476699512,8930442.927417671,49127377.148176216,26282461.79777889,ANALYST-CALC,Estimated availability and preliminary flags do not establish transferability
2026-01-25,61578860.95800339,63286512.687066525,-1707651.7290631423,57028871.84754277,58736523.576605916,-1707651.7290631423,8883204.301235732,49853319.27537018,26378669.171291832,ANALYST-CALC,Estimated availability and preliminary flags do not establish transferability
2026-01-26,58473460.03938939,60431554.70104157,-1958094.6616521822,54183593.285512745,56141687.94716493,-1958094.6616521822,8406071.785984011,47735616.16118091,24334822.53796798,ANALYST-CALC,Estimated availability and preliminary flags do not establish transferability
2026-01-27,60262066.85297594,62446001.215620525,-2183934.3626445853,55894540.275619656,58078474.63826424,-2183934.3626445853,8530358.963960338,49548115.6743039,26775523.075842466,ANALYST-CALC,Estimated availability and preliminary flags do not establish transferability
2026-01-28,59377667.6497957,61786612.80285227,-2408945.153056572,55846816.576161176,58255761.72921775,-2408945.153056572,8161132.22020715,50094629.5090106,26175914.489439934,ANALYST-CALC,Estimated availability and preliminary flags do not establish transferability
2026-01-29,60341352.30350326,62481702.24848428,-2140349.9449810255,56530597.89816615,58670947.84314717,-2140349.9449810255,8833975.894045124,49836971.94910205,26215674.26465775,ANALYST-CALC,Estimated availability and preliminary flags do not establish transferability
2026-01-30,60309778.47936306,62482759.24211713,-2172980.762754066,56081187.58767825,58254168.35043232,-2172980.762754066,9036173.28321675,49217995.06721557,26012632.522990957,ANALYST-CALC,Estimated availability and preliminary flags do not establish transferability
2026-01-31,60808239.37669008,62528642.86407338,-1720403.4873832983,56108287.07462384,57828690.56200714,-1720403.4873832983,8842713.581622703,48985976.98038443,24724475.135611992,ANALYST-CALC,Estimated availability and preliminary flags do not establish transferability
2026-02-01,60751517.55579312,62714047.84206323,-1962530.2862701071,56723413.29394525,58685943.58021536,-1962530.2862701071,8576296.227699574,50109647.35251579,26352328.633505505,ANALYST-CALC,Estimated availability and preliminary flags do not establish transferability
2026-02-02,60242791.0131321,62362436.39509083,-2119645.381958725,56689249.66179963,58808895.04375836,-2119645.381958725,8577893.41564998,50231001.628108375,26331542.713380914,ANALYST-CALC,Estimated availability and preliminary flags do not establish transferability
2026-02-03,60281363.33152742,62304267.29505182,-2022903.9635244007,56614187.5063616,58637091.469886,-2022903.9635244007,8643700.342275774,49993391.12761023,26018623.267033566,ANALYST-CALC,Estimated availability and preliminary flags do not establish transferability
2026-02-04,59412830.33680768,61646581.23888517,-2233750.9020774895,55696004.275616206,57929755.177693695,-2233750.9020774895,8526619.984264802,49403135.1934289,26762890.529816914,ANALYST-CALC,Estimated availability and preliminary flags do not establish transferability
2026-02-05,60997747.995667145,63011991.36444762,-2014243.3687804756,56982017.929857306,58996261.298637785,-2014243.3687804756,8340475.18455471,50655786.114083074,26465722.8016826,ANALYST-CALC,Estimated availability and preliminary flags do not establish transferability
2026-02-06,60279873.13152221,62601014.80278932,-2321141.6712671127,56230037.178076036,58551178.84934315,-2321141.6712671127,9076495.525525458,49474683.32381769,25167030.111675408,ANALYST-CALC,Estimated availability and preliminary flags do not establish transferability
2026-02-07,60741998.46703728,62872402.74549013,-2130404.2784528467,56235536.56862203,58365940.847074874,-2130404.2784528467,9082633.488127755,49283307.35894712,26367328.313594755,ANALYST-CALC,Estimated availability and preliminary flags do not establish transferability
2026-02-08,61446210.00290116,63081757.38630806,-1635547.3834069045,56977645.59066706,58613192.97407396,-1635547.3834069045,8651116.87573209,49962076.098341875,25378110.58292772,ANALYST-CALC,Estimated availability and preliminary flags do not establish transferability
2026-02-09,60965935.97885902,62806463.351332545,-1840527.372473521,56658485.82654019,58499013.19901371,-1840527.372473521,8641480.498110821,49857532.70090289,25860818.253188264,ANALYST-CALC,Estimated availability and preliminary flags do not establish transferability
2026-02-10,60860153.959703766,62966044.97717905,-2105891.0174752907,56622316.14814564,58728207.16562093,-2105891.0174752907,8489219.267196402,50238987.89842453,27094344.58519228,ANALYST-CALC,Estimated availability and preliminary flags do not establish transferability
2026-02-11,58949278.835369766,61185781.67281949,-2236502.8374497243,54999885.8180174,57236388.65546712,-2236502.8374497243,8448609.904211866,48787778.75125526,25697895.94868884,ANALYST-CALC,Estimated availability and preliminary flags do not establish transferability
2026-02-12,60047400.403041035,62024535.67898686,-1977135.2759458276,56745562.426890634,58722697.70283646,-1977135.2759458276,8370372.850804445,50352324.85203202,26486026.69954814,ANALYST-CALC,Estimated availability and preliminary flags do not establish transferability
2026-02-13,59521473.8343885,61602411.57113694,-2080937.7367484313,55446303.39092197,57527241.12767041,-2080937.7367484313,8666679.669223003,48860561.458447404,25848503.23228239,ANALYST-CALC,Estimated availability and preliminary flags do not establish transferability
2026-02-14,59237181.206012934,61198313.711933896,-1961132.5059209631,55096461.55828377,57057594.06420474,-1961132.5059209631,8717626.346804129,48339967.7174006,25177036.05273708,ANALYST-CALC,Estimated availability and preliminary flags do not establish transferability
2026-02-15,59739181.72681482,61605084.610631555,-1865902.8838167354,56100858.854655586,57966761.73847232,-1865902.8838167354,8843809.123002741,49122952.61546958,25717984.097481374,ANALYST-CALC,Estimated availability and preliminary flags do not establish transferability
2026-02-16,60321365.88495154,62155312.89150597,-1833947.006554432,56811458.261365704,58645405.26792014,-1833947.006554432,8604026.73383641,50041378.534083724,25818464.41542894,ANALYST-CALC,Estimated availability and preliminary flags do not establish transferability
2026-02-17,60579753.29354461,62891915.60931993,-2312162.3157753227,56021425.471121304,58333587.78689662,-2312162.3157753227,8457902.166029047,49875685.62086758,27341657.26573943,ANALYST-CALC,Estimated availability and preliminary flags do not establish transferability
2026-02-18,59043980.07165736,61438242.31999628,-2394262.24833893,54888131.49812652,57282393.74646545,-2394262.24833893,8066021.427149566,49216372.31931589,25209023.280606035,ANALYST-CALC,Estimated availability and preliminary flags do not establish transferability
2026-02-19,60078229.79213445,62426263.70672966,-2348033.9145952086,55802731.86100034,58150765.775595546,-2348033.9145952086,8668694.117113292,49482071.65848225,26478489.057928786,ANALYST-CALC,Estimated availability and preliminary flags do not establish transferability
2026-02-20,61782473.027976155,63945845.887910485,-2163372.8599343263,58541436.37763349,60704809.23756782,-2163372.8599343263,8903678.897569237,51801130.33999858,28918491.377756298,ANALYST-CALC,Estimated availability and preliminary flags do not establish transferability
2026-02-21,62019801.645213455,64009418.05033409,-1989616.4051206368,58581354.938432775,60570971.34355341,-1989616.4051206368,9073903.750886707,51497067.5926667,27927745.2106604,ANALYST-CALC,Estimated availability and preliminary flags do not establish transferability
2026-02-22,61346530.1611294,63147832.5893204,-1801302.4281909931,57638023.33848183,59439325.76667282,-1801302.4281909931,8883217.287259104,50556108.47941372,26883508.44448956,ANALYST-CALC,Estimated availability and preliminary flags do not establish transferability
2026-02-23,62440201.416570626,64355949.64844246,-1915748.2318718378,59034919.254958756,60950667.48683059,-1915748.2318718378,8742847.210031902,52207820.27679869,27324934.197370987,ANALYST-CALC,Estimated availability and preliminary flags do not establish transferability
2026-02-24,58560334.91795767,60662305.34251009,-2101970.4245524174,54868126.49669125,56970096.92124367,-2101970.4245524174,8271546.3628493985,48698550.55839427,25595572.00866763,ANALYST-CALC,Estimated availability and preliminary flags do not establish transferability
2026-02-25,57337903.12941642,59884241.97519766,-2546338.8457812318,53768465.793145224,56314804.63892646,-2546338.8457812318,8332480.129498536,47982324.50942793,25176381.531992376,ANALYST-CALC,Estimated availability and preliminary flags do not establish transferability
2026-02-26,59447169.31871798,61820691.835925475,-2373522.5172074945,55059267.987206124,57432790.50441362,-2373522.5172074945,8748934.825211067,48683855.67920255,26154108.728728358,ANALYST-CALC,Estimated availability and preliminary flags do not establish transferability
2026-02-27,60385596.50526731,62500236.73102041,-2114640.225753108,56454444.315999806,58569084.54175291,-2114640.225753108,9158095.769258332,49410988.77249458,26780253.674104743,ANALYST-CALC,Estimated availability and preliminary flags do not establish transferability
2026-02-28,62868639.59297931,64691295.59239061,-1822655.9994112998,59229250.46276485,61051906.46217615,-1822655.9994112998,9502107.112087082,51549799.35008907,26828974.341775842,ANALYST-CALC,Estimated availability and preliminary flags do not establish transferability
2026-03-01,61517350.55764321,63428299.075745456,-1910948.5181022463,57257117.10226348,59168065.62036573,-1910948.5181022463,8658927.545356678,50509138.075009055,25859732.717185814,ANALYST-CALC,Estimated availability and preliminary flags do not establish transferability
2026-03-02,62133389.41387661,64047648.77104143,-1914259.3571648225,57760395.32715107,59674654.68431589,-1914259.3571648225,8699988.99820048,50974665.686115414,26469148.688309196,ANALYST-CALC,Estimated availability and preliminary flags do not establish transferability
2026-03-03,60442861.23216275,62679361.84389754,-2236500.6117347847,55497001.45901678,57733502.070751555,-2236500.6117347847,8354223.51023705,49379278.56051451,26639888.771648355,ANALYST-CALC,Estimated availability and preliminary flags do not establish transferability
2026-03-04,57772834.06910999,60115241.78920301,-2342407.7200930174,53621467.47497489,55963875.19506791,-2342407.7200930174,8383127.371530843,47580747.82353707,24991108.01617577,ANALYST-CALC,Estimated availability and preliminary flags do not establish transferability
2026-03-05,58294423.17921264,60635885.64453746,-2341462.46532482,54721510.73507961,57062973.20040443,-2341462.46532482,8811388.740618644,48251584.45978578,25957200.253371898,ANALYST-CALC,Estimated availability and preliminary flags do not establish transferability
2026-03-06,59546251.078415625,61553011.92072373,-2006760.8423081022,55516828.82387755,57523589.66618565,-2006760.8423081022,9266131.289497647,48257458.376688,25694256.99535958,ANALYST-CALC,Estimated availability and preliminary flags do not establish transferability
2026-03-07,59565280.76846221,61432206.954751395,-1866926.186289184,54638456.82690829,56505383.013197474,-1866926.186289184,8537435.8494468,47967947.16375067,24750852.849354524,ANALYST-CALC,Estimated availability and preliminary flags do not establish transferability
2026-03-08,61471458.40479484,63395544.692016944,-1924086.2872221055,57193357.333629966,59117443.62085207,-1924086.2872221055,8864947.071114672,50252496.549737394,26656183.1206004,ANALYST-CALC,Estimated availability and preliminary flags do not establish transferability
2026-03-09,59352103.09469433,61313848.066898584,-1961744.9722042482,54968556.20277675,56930301.174981,-1961744.9722042482,8408445.6344653,48521855.5405157,24624530.90599489,ANALYST-CALC,Estimated availability and preliminary flags do not establish transferability
2026-03-10,58262751.836081736,60436835.21296965,-2174083.376887914,54956518.71773949,57130602.09462741,-2174083.376887914,7992183.436621297,49138418.65800611,24835872.310510546,ANALYST-CALC,Estimated availability and preliminary flags do not establish transferability
2026-03-11,58798657.143531494,61217437.34836334,-2418780.2048318507,55221386.41335705,57640166.6181889,-2418780.2048318507,8433855.590823535,49206311.027365364,26259928.205686547,ANALYST-CALC,Estimated availability and preliminary flags do not establish transferability
2026-03-12,60672277.45113513,62553406.28241466,-1881128.8312795316,56537445.48975251,58418574.32103204,-1881128.8312795316,8529969.250593746,49888605.070438296,26836878.460410703,ANALYST-CALC,Estimated availability and preliminary flags do not establish transferability
2026-03-13,60163958.254888855,62099119.13663064,-1935160.88174179,55881869.07585109,57817029.95759288,-1935160.88174179,9000204.50113089,48816825.45646199,26319801.787287556,ANALYST-CALC,Estimated availability and preliminary flags do not establish transferability
2026-03-14,62571841.53019511,64577771.49151138,-2005929.961316273,58850785.25183711,60856715.213153385,-2005929.961316273,8935572.701095346,51921142.51205804,26848903.462568097,ANALYST-CALC,Estimated availability and preliminary flags do not establish transferability
2026-03-15,59905992.929669224,61593688.579761066,-1687695.6500918404,56149245.05038294,57836940.70047478,-1687695.6500918404,8660738.937392402,49176201.76308238,26372481.00651215,ANALYST-CALC,Estimated availability and preliminary flags do not establish transferability
2026-03-16,59289626.286310405,61158031.83421798,-1868405.5479075818,55198186.445407666,57066591.99331525,-1868405.5479075818,8424326.760436324,48642265.23287893,25280695.8426562,ANALYST-CALC,Estimated availability and preliminary flags do not establish transferability
2026-03-17,60984877.91280284,63025399.53947507,-2040521.6266722311,56356649.785411716,58397171.412083946,-2040521.6266722311,8062215.577065947,50334955.835017994,25858803.41430207,ANALYST-CALC,Estimated availability and preliminary flags do not establish transferability
2026-03-18,59930159.08820198,62272383.07972739,-2342223.991525412,55341624.3627873,57683848.35431271,-2342223.991525412,8003971.329042887,49679877.02526982,26278009.498916656,ANALYST-CALC,Estimated availability and preliminary flags do not establish transferability
2026-03-19,60041334.67649567,62287664.91891531,-2246330.2424196377,55808217.17426751,58054547.416687146,-2246330.2424196377,8706486.300085014,49348061.11660214,26151447.980320323,ANALYST-CALC,Estimated availability and preliminary flags do not establish transferability
2026-03-20,63118368.083197966,65036452.25215792,-1918084.168959957,58206111.1305622,60124195.29952216,-1918084.168959957,9221199.105161153,50902996.194361,27768830.29283892,ANALYST-CALC,Estimated availability and preliminary flags do not establish transferability
2026-03-21,61839268.766243175,63847254.68757251,-2007985.9213293376,56577451.8248024,58585437.74613174,-2007985.9213293376,8836667.213991765,49748770.53213997,26931052.759910826,ANALYST-CALC,Estimated availability and preliminary flags do not establish transferability
2026-03-22,60613875.23059522,62322735.36565056,-1708860.1350553299,56542509.13263218,58251369.267687514,-1708860.1350553299,8967408.047265554,49283961.220421955,26460342.54139701,ANALYST-CALC,Estimated availability and preliminary flags do not establish transferability
2026-03-23,60247522.582584254,62204279.14028689,-1956756.5577026405,55996301.07617985,57953057.63388249,-1956756.5577026405,8617622.55846654,49335435.07541595,26032901.628319655,ANALYST-CALC,Estimated availability and preliminary flags do not establish transferability
2026-03-24,57423475.25561157,59686905.90106626,-2263430.645454688,53547503.884248,55810934.52970269,-2263430.645454688,8383184.057116152,47427750.47258654,24913329.03076822,ANALYST-CALC,Estimated availability and preliminary flags do not establish transferability
2026-03-25,58937319.98436591,61241787.23285994,-2304467.24849403,55132990.76504952,57437458.013543546,-2304467.24849403,8163881.351691412,49273576.66185213,26186277.06076126,ANALYST-CALC,Estimated availability and preliminary flags do not establish transferability
2026-03-26,60046499.67797698,62327179.06586126,-2280679.38788428,56203472.3115474,58484151.69943168,-2280679.38788428,8800551.323545167,49683600.37588651,25699393.893536564,ANALYST-CALC,Estimated availability and preliminary flags do not establish transferability
2026-03-27,61194508.86901594,63311269.974225216,-2116761.1052092793,56596072.16863339,58712833.27384267,-2116761.1052092793,8986304.743363325,49726528.53047934,26445628.612673134,ANALYST-CALC,Estimated availability and preliminary flags do not establish transferability
2026-03-28,63050428.89768882,64620843.19467728,-1570414.2969884553,59373140.55137888,60943554.84836734,-1570414.2969884553,9224529.784151018,51719025.06421632,26459226.939105697,ANALYST-CALC,Estimated availability and preliminary flags do not establish transferability
2026-03-29,60107739.49174121,62087382.35617892,-1979642.8644377035,55892090.16353132,57871733.027969025,-1979642.8644377035,8639540.318543686,49232192.70942534,25316958.300231863,ANALYST-CALC,Estimated availability and preliminary flags do not establish transferability
2026-03-30,58023609.672859065,59945671.04796337,-1922061.3751043067,54235512.28142988,56157573.65653419,-1922061.3751043067,8533525.498317465,47624048.15821672,25093748.559938185,ANALYST-CALC,Estimated availability and preliminary flags do not establish transferability
2026-03-31,58300398.48832155,60405890.85105825,-2105492.3627367015,53781892.43203021,55887384.79476691,-2105492.3627367015,8086864.726414596,47800520.06835231,25091718.239906173,ANALYST-CALC,Estimated availability and preliminary flags do not establish transferability
2026-04-01,57465525.285020635,59591303.98634151,-2125778.7013208764,53573589.756533265,55699368.45785414,-2125778.7013208764,8261745.34793921,47437623.10991493,24756273.713792834,ANALYST-CALC,Estimated availability and preliminary flags do not establish transferability
2026-04-02,63012862.19717417,65166553.0630869,-2153690.865912729,59421933.89624296,61575624.76215569,-2153690.865912729,8777426.63157208,52798198.13058361,28025867.335862577,ANALYST-CALC,Estimated availability and preliminary flags do not establish transferability
2026-04-03,62370174.29775634,64640064.51019583,-2269890.2124395,58154563.952453114,60424454.164892614,-2269890.2124395,8988324.752374105,51436129.41251851,27547451.750992004,ANALYST-CALC,Estimated availability and preliminary flags do not establish transferability
2026-04-04,60793520.2731024,62514023.28297352,-1720503.0098711173,57010204.620488174,58730707.63035929,-1720503.0098711173,9053632.613131106,49677075.017228186,26477615.70068609,ANALYST-CALC,Estimated availability and preliminary flags do not establish transferability
2026-04-05,61155804.222313836,63157909.30420419,-2002105.0818903474,56750969.65216325,58753074.734053604,-2002105.0818903474,8718423.612606138,50034651.12144747,26181897.80365171,ANALYST-CALC,Estimated availability and preliminary flags do not establish transferability
2026-04-06,58718416.87170599,60621380.4198983,-1902963.5481923083,54519231.86360099,56422195.4117933,-1902963.5481923083,8414011.542810982,48008183.868982315,24733922.71668651,ANALYST-CALC,Estimated availability and preliminary flags do not establish transferability
2026-04-07,58679079.91391712,60869820.962200835,-2190741.0482837153,54396793.472528875,56587534.52081259,-2190741.0482837153,7927418.943707237,48660115.57710536,25622039.725705955,ANALYST-CALC,Estimated availability and preliminary flags do not establish transferability
2026-04-08,57786662.99943152,60108154.86423819,-2321491.8648066707,54032795.793483794,56354287.65829046,-2321491.8648066707,8278872.2280825535,48075415.43020791,24720524.423306104,ANALYST-CALC,Estimated availability and preliminary flags do not establish transferability
2026-04-09,59317417.552032,61581294.05901612,-2263876.50698412,55494688.144134015,57758564.65111813,-2263876.50698412,8852006.013506783,48906558.637611344,25509927.001870446,ANALYST-CALC,Estimated availability and preliminary flags do not establish transferability
2026-04-10,60856088.106653824,63043828.02423279,-2187739.917578971,55658247.13866924,57845987.05624821,-2187739.917578971,8906508.90600546,48939478.150242746,25686685.738249652,ANALYST-CALC,Estimated availability and preliminary flags do not establish transferability
2026-04-11,61590646.578459345,63657873.820804246,-2067227.242344897,57411795.258993134,59479022.50133803,-2067227.242344897,9007296.569277504,50471725.932060525,26355121.98309722,ANALYST-CALC,Estimated availability and preliminary flags do not establish transferability
2026-04-12,60840436.80191924,62715005.14732306,-1874568.3454038198,56556798.124555215,58431366.469959036,-1874568.3454038198,8591600.855884489,49839765.61407454,26199109.744876195,ANALYST-CALC,Estimated availability and preliminary flags do not establish transferability
2026-04-13,59668256.4732747,61754272.28559689,-2086015.8123221905,55021542.68204424,57107558.49436643,-2086015.8123221905,8300664.4881097,48806894.00625673,25738767.066670623,ANALYST-CALC,Estimated availability and preliminary flags do not establish transferability
2026-04-14,58220267.064877704,60305837.94022747,-2085570.875349771,53498633.527680695,55584204.40303047,-2085570.875349771,8246155.601073908,47338048.801956564,24581777.970875356,ANALYST-CALC,Estimated availability and preliminary flags do not establish transferability
2026-04-15,57487604.120346226,59849877.50165716,-2362273.381310934,54200304.07786698,56562577.45917792,-2362273.381310934,8508118.870451912,48054458.58872601,25441563.183064796,ANALYST-CALC,Estimated availability and preliminary flags do not establish transferability
2026-04-16,58555515.0754292,60639007.87813955,-2083492.8027103457,54966877.20524125,57050370.00795159,-2083492.8027103457,8464792.604827236,48585577.403124355,25884524.167005442,ANALYST-CALC,Estimated availability and preliminary flags do not establish transferability
2026-04-17,60730440.37191023,62651110.188241735,-1920669.816331504,56090164.077413,58010833.893744506,-1920669.816331504,9173691.368826369,48837142.52491814,26083622.15367475,ANALYST-CALC,Estimated availability and preliminary flags do not establish transferability
2026-04-18,60428507.61427702,62387696.08372613,-1959188.4694491099,56927355.642577805,58886544.112026915,-1959188.4694491099,9053556.518548194,49832987.593478724,27563710.002910763,ANALYST-CALC,Estimated availability and preliminary flags do not establish transferability
2026-04-19,62161048.49795141,63745198.16887346,-1584149.6709220475,58736196.26094221,60320345.93186426,-1584149.6709220475,8467906.77991472,51852439.15194954,26990633.183971234,ANALYST-CALC,Estimated availability and preliminary flags do not establish transferability
2026-04-20,57901743.90645184,59858169.98136911,-1956426.0749172657,53506610.29071111,55463036.36562838,-1956426.0749172657,8400936.787725713,47062099.57790267,24457248.536860175,ANALYST-CALC,Estimated availability and preliminary flags do not establish transferability
2026-04-21,57028205.23359061,59408851.11301013,-2380645.8794195205,53673008.74013804,56053654.61955756,-2380645.8794195205,8574662.546823239,47478992.07273432,24792309.545544803,ANALYST-CALC,Estimated availability and preliminary flags do not establish transferability
2026-04-22,60440392.072724886,62702152.57326502,-2261760.5005401336,56929558.694460735,59191319.19500087,-2261760.5005401336,8504089.309403896,50687229.885596976,26370554.445607927,ANALYST-CALC,Estimated availability and preliminary flags do not establish transferability
2026-04-23,61373056.20256825,63422677.265660174,-2049621.0630919258,57123281.39224095,59172902.455332875,-2049621.0630919258,9194483.34740223,49978419.107930645,26041467.60032698,ANALYST-CALC,Estimated availability and preliminary flags do not establish transferability
2026-04-24,59518486.59876152,61647966.49960609,-2129479.900844563,55508842.406112626,57638322.30695719,-2129479.900844563,8703881.411973936,48934440.894983254,25665662.090274077,ANALYST-CALC,Estimated availability and preliminary flags do not establish transferability
2026-04-25,61106552.407131664,63161599.83517495,-2055047.4280432845,57126112.49778415,59181159.925827436,-2055047.4280432845,8976737.895976001,50204422.02985144,27013176.04834018,ANALYST-CALC,Estimated availability and preliminary flags do not establish transferability
2026-04-26,59779405.96686588,61458259.72737991,-1678853.7605140305,56674618.8525612,58353472.613075234,-1678853.7605140305,8643501.216303172,49709971.39677206,25440188.40168783,ANALYST-CALC,Estimated availability and preliminary flags do not establish transferability
2026-04-27,57687959.13061452,59638967.92512366,-1951008.7945091387,53978609.48584179,55929618.28035093,-1951008.7945091387,8114362.539318743,47815255.74103218,25177863.042409457,ANALYST-CALC,Estimated availability and preliminary flags do not establish transferability
2026-04-28,57120844.044679664,59149389.127591126,-2028545.082911464,52895557.42862655,54924102.51153802,-2028545.082911464,8448899.4043708,46475203.10716722,24333761.140004177,ANALYST-CALC,Estimated availability and preliminary flags do not establish transferability
2026-04-29,59891988.701451674,62250551.2805929,-2358562.579141224,55898610.717609234,58257173.296750456,-2358562.579141224,8506951.69845487,49750221.598295584,25823768.81586329,ANALYST-CALC,Estimated availability and preliminary flags do not establish transferability
2026-04-30,60241792.11569338,62637874.42442562,-2396082.3087322344,56417291.0637494,58813373.37248164,-2396082.3087322344,8625961.864449257,50187411.50803238,26008791.688583117,ANALYST-CALC,Estimated availability and preliminary flags do not establish transferability
2026-05-01,61617821.698642984,63605444.69150198,-1987622.9928589943,57106653.304860905,59094276.297719896,-1987622.9928589943,8951574.240432011,50142702.05728789,27028558.13910125,ANALYST-CALC,Estimated availability and preliminary flags do not establish transferability
2026-05-02,60652959.68341396,62656991.61900034,-2004031.9355863798,55858022.01543763,57862053.95102401,-2004031.9355863798,9172940.345649572,48689113.60537444,26340172.07507261,ANALYST-CALC,Estimated availability and preliminary flags do not establish transferability
2026-05-03,58694572.702026874,60818301.40478301,-2123728.702756137,54649410.60685573,56773139.309611864,-2123728.702756137,8572566.129924936,48200573.17968693,25164118.630904227,ANALYST-CALC,Estimated availability and preliminary flags do not establish transferability
2026-05-04,58980149.30638539,61053976.7260904,-2073827.4197050151,55539614.07117436,57613441.49087937,-2073827.4197050151,8349806.88247247,49263634.6084069,25436493.30425831,ANALYST-CALC,Estimated availability and preliminary flags do not establish transferability
2026-05-05,58196886.82719645,60347392.67331032,-2150505.8461138695,54086925.595063545,56237431.44117741,-2150505.8461138695,8099255.076786581,48138176.364390835,24755745.239767183,ANALYST-CALC,Estimated availability and preliminary flags do not establish transferability
2026-05-06,58852664.72993634,61233192.21490553,-2380527.4849691875,54498782.221032456,56879309.70600164,-2380527.4849691875,8413003.913824845,48466305.7921768,25859881.048177347,ANALYST-CALC,Estimated availability and preliminary flags do not establish transferability
2026-05-07,60489108.746607065,62588313.814233705,-2099205.0676266383,56580939.066823654,58680144.13445029,-2099205.0676266383,8530191.590354966,50149952.54409532,26294231.98910684,ANALYST-CALC,Estimated availability and preliminary flags do not establish transferability
2026-05-08,60456734.47634394,62510945.67455923,-2054211.1982152949,56184491.15258882,58238702.35080412,-2054211.1982152949,8974277.887120532,49264424.46368359,27141166.8372117,ANALYST-CALC,Estimated availability and preliminary flags do not establish transferability
2026-05-09,60532179.71134698,62274985.93975121,-1742806.2284042314,56639968.60066202,58382774.829066254,-1742806.2284042314,8824363.89825055,49558410.930815704,26793917.56251679,ANALYST-CALC,Estimated availability and preliminary flags do not establish transferability
2026-05-10,58033612.45717585,59939025.40050405,-1905412.9433281985,54138333.62388981,56043746.56721801,-1905412.9433281985,8620876.632632222,47422869.93458579,25654871.540545497,ANALYST-CALC,Estimated availability and preliminary flags do not establish transferability
2026-05-11,58944500.82011443,60759531.58241323,-1815030.7622988042,55283097.51146002,57098128.27375883,-1815030.7622988042,8497578.533917762,48600549.73984107,25775842.017893333,ANALYST-CALC,Estimated availability and preliminary flags do not establish transferability
2026-05-12,59345518.123799875,61273896.778505124,-1928378.65470525,55843743.99325006,57772122.647955306,-1928378.65470525,8348200.021514799,49423922.6264405,25884452.478199914,ANALYST-CALC,Estimated availability and preliminary flags do not establish transferability
2026-05-13,58600535.51133069,60852716.71418137,-2252181.2028506882,54734896.958957195,56987078.16180788,-2252181.2028506882,8543954.149858698,48443124.01194918,24274759.35009288,ANALYST-CALC,Estimated availability and preliminary flags do not establish transferability
2026-05-14,60555155.50199939,62791823.605488546,-2236668.103489159,56688439.670362964,58925107.773852125,-2236668.103489159,8725040.31368705,50200067.460165076,26170290.680796023,ANALYST-CALC,Estimated availability and preliminary flags do not establish transferability
2026-05-15,59913606.27768447,61958714.83433443,-2045108.5566499548,55844293.05310831,57889401.609758265,-2045108.5566499548,9073134.359661657,48816267.250096604,26356306.8162495,ANALYST-CALC,Estimated availability and preliminary flags do not establish transferability
2026-05-16,61340615.97936772,63105432.71842564,-1764816.7390579185,57411939.39505651,59176756.13411443,-1764816.7390579185,9133537.536675848,50043218.59743858,27000687.73846487,ANALYST-CALC,Estimated availability and preliminary flags do not establish transferability
2026-05-17,59590919.35506045,61475472.91016098,-1884553.5551005271,56235003.404043026,58119556.95914355,-1884553.5551005271,8910631.869808042,49208925.08933551,25615547.33143011,ANALYST-CALC,Estimated availability and preliminary flags do not establish transferability
2026-05-18,60595616.46976216,62440406.34229709,-1844789.8725349335,57302381.80609121,59147171.67862615,-1844789.8725349335,8743848.750735695,50403322.92789045,26527929.871786173,ANALYST-CALC,Estimated availability and preliminary flags do not establish transferability
2026-05-19,58380569.99893907,60536891.274753325,-2156321.2758142566,55049386.284558654,57205707.56037291,-2156321.2758142566,8164398.225386428,49041309.334986486,26340688.99002238,ANALYST-CALC,Estimated availability and preliminary flags do not establish transferability
2026-05-20,58674106.16596021,60921033.22596744,-2246927.060007226,54122189.434151396,56369116.49415862,-2246927.060007226,8144801.800188765,48224314.69396985,24776874.02718173,ANALYST-CALC,Estimated availability and preliminary flags do not establish transferability
2026-05-21,59716275.718219884,62060847.23083241,-2344571.51261253,55572218.46559305,57916789.97820558,-2344571.51261253,8555575.522679182,49361214.4555264,26289556.02109833,ANALYST-CALC,Estimated availability and preliminary flags do not establish transferability
2026-05-22,61100422.16646045,63172303.695728265,-2071881.5292678154,57340579.68340797,59412461.21267579,-2071881.5292678154,9333353.1315377,50079108.08113808,26860542.524806604,ANALYST-CALC,Estimated availability and preliminary flags do not establish transferability
2026-05-23,59909781.42200866,61766335.78035658,-1856554.3583479144,56080100.90319311,57936655.261541024,-1856554.3583479144,8744279.06745495,49192376.19408607,25453885.630677827,ANALYST-CALC,Estimated availability and preliminary flags do not establish transferability
2026-05-24,60111618.74347351,62041353.60957498,-1929734.866101472,55910652.667334855,57840387.53343633,-1929734.866101472,8860584.770472035,48979802.76296429,24066405.898644738,ANALYST-CALC,Estimated availability and preliminary flags do not establish transferability
2026-05-25,58278925.70526756,60224675.91592978,-1945750.210662214,53866807.62871856,55812557.83938078,-1945750.210662214,8108252.617397063,47704305.22198371,24021178.53538883,ANALYST-CALC,Estimated availability and preliminary flags do not establish transferability
2026-05-26,58474972.6631777,60554252.26535873,-2079279.6021810381,54127661.93195132,56206941.53413236,-2079279.6021810381,8061235.2852513185,48145706.24888104,25299436.645058136,ANALYST-CALC,Estimated availability and preliminary flags do not establish transferability
2026-05-27,58485438.07704868,60747974.86346513,-2262536.786416448,54921993.798500456,57184530.584916905,-2262536.786416448,8438996.843815595,48745533.74110131,25930886.711363766,ANALYST-CALC,Estimated availability and preliminary flags do not establish transferability
2026-05-28,60645472.94389484,62799102.619743735,-2153629.6758488948,56186545.47464571,58340175.150494605,-2153629.6758488948,8814079.886449909,49526095.264044695,26713629.02136103,ANALYST-CALC,Estimated availability and preliminary flags do not establish transferability
2026-05-29,58683818.979316585,60847479.100499645,-2163660.121183061,54291375.65204399,56455035.77322706,-2163660.121183061,8960938.442785693,47494097.33044136,25840764.22487657,ANALYST-CALC,Estimated availability and preliminary flags do not establish transferability
2026-05-30,61848507.53701142,63685795.6000876,-1837288.0630761792,57809421.405758515,59646709.46883469,-1837288.0630761792,9085764.572735667,50560944.89609902,27199084.26315577,ANALYST-CALC,Estimated availability and preliminary flags do not establish transferability
2026-05-31,60261179.04297693,61963031.267621666,-1701852.2246447336,56006698.31425678,57708550.538901515,-1701852.2246447336,8584794.154283706,49123756.384617805,25996970.42978461,ANALYST-CALC,Estimated availability and preliminary flags do not establish transferability
2026-06-01,58893550.55951155,61035633.85405531,-2142083.2945437585,55218459.40907502,57360542.70361879,-2142083.2945437585,8062438.168282798,49298104.53533599,25452790.973616134,ANALYST-CALC,Estimated availability and preliminary flags do not establish transferability
2026-06-02,59142737.66606461,61220738.47951381,-2078000.8134491914,55280616.218444936,57358617.031894125,-2078000.8134491914,8419255.427687166,48939361.60420696,26226957.743905555,ANALYST-CALC,Estimated availability and preliminary flags do not establish transferability
2026-06-03,58660847.057494774,60855705.057711735,-2194858.000216961,54746080.25899194,56940938.2592089,-2194858.000216961,8446066.896272019,48494871.362936884,25369698.088202998,ANALYST-CALC,Estimated availability and preliminary flags do not establish transferability
2026-06-04,58972051.87392536,61098520.98642552,-2126469.1125001577,55438787.55876313,57565256.67126329,-2126469.1125001577,8598380.300695114,48966876.37056818,26783437.67910608,ANALYST-CALC,Estimated availability and preliminary flags do not establish transferability
2026-06-05,59930071.0608714,61933167.26938855,-2003096.2085171468,55426939.28540299,57430035.49392014,-2003096.2085171468,8691667.953641282,48738367.54027885,25577064.8250072,ANALYST-CALC,Estimated availability and preliminary flags do not establish transferability
2026-06-06,60061212.37492254,62110208.01840152,-2048995.64347898,56181354.77806859,58230350.42154756,-2048995.64347898,9187296.723831808,49043053.69771576,25795537.191062406,ANALYST-CALC,Estimated availability and preliminary flags do not establish transferability
2026-06-07,60976383.65867576,62827903.67830184,-1851520.0196260787,56872969.43078262,58724489.450408705,-1851520.0196260787,9246815.071567664,49477674.37884104,26598371.77853176,ANALYST-CALC,Estimated availability and preliminary flags do not establish transferability
2026-06-08,61017516.371772856,62784155.953470044,-1766639.5816971848,57455215.61899045,59221855.20068763,-1766639.5816971848,8514466.581560982,50707388.61912665,25789686.549031172,ANALYST-CALC,Estimated availability and preliminary flags do not establish transferability
2026-06-09,57992411.90416599,60254976.68323487,-2262564.779068879,54207094.59617158,56469659.37524046,-2262564.779068879,8124150.901861541,48345508.47337892,25408795.124228522,ANALYST-CALC,Estimated availability and preliminary flags do not establish transferability
2026-06-10,59132475.395562336,61326285.809610166,-2193810.41404783,54962617.75578393,57156428.16983176,-2193810.41404783,8394758.271535382,48761669.89829638,25505957.015297875,ANALYST-CALC,Estimated availability and preliminary flags do not establish transferability
2026-06-11,59235467.99780813,61284860.16636134,-2049392.168553214,55282746.07003822,57332138.23859144,-2049392.168553214,8391261.5104305,48940876.72816094,26112326.4555543,ANALYST-CALC,Estimated availability and preliminary flags do not establish transferability
2026-06-12,60112694.43733889,62415927.12476992,-2303232.687431027,56604337.488138445,58907570.17556947,-2303232.687431027,8945188.941847367,49962381.2337221,26689784.480019704,ANALYST-CALC,Estimated availability and preliminary flags do not establish transferability
2026-06-13,59101676.71980564,61022031.141403206,-1920354.4215975644,55095033.38480897,57015387.80640654,-1920354.4215975644,8872802.318858888,48142585.48754765,24858384.696066704,ANALYST-CALC,Estimated availability and preliminary flags do not establish transferability
2026-06-14,60297979.21339117,62301301.60014956,-2003322.3867583903,55841038.81393766,57844361.20069605,-2003322.3867583903,8425753.231496198,49418607.96919985,25435213.52364872,ANALYST-CALC,Estimated availability and preliminary flags do not establish transferability
2026-06-15,58326204.30788807,60242993.64096134,-1916789.3330732705,54625625.14471153,56542414.477784805,-1916789.3330732705,8266921.275428804,48275493.202356,25167273.37071605,ANALYST-CALC,Estimated availability and preliminary flags do not establish transferability
2026-06-16,58300431.924035415,60638246.43062354,-2337814.506588129,54397356.91735106,56735171.42393919,-2337814.506588129,8369089.719380493,48366081.70455869,25692874.857978925,ANALYST-CALC,Estimated availability and preliminary flags do not establish transferability
2026-06-17,58245033.48340356,60415076.0871945,-2170042.6037909416,54439830.783371486,56609873.38716243,-2170042.6037909416,8160938.4196541365,48448934.96750829,25868623.333942216,ANALYST-CALC,Estimated availability and preliminary flags do not establish transferability
2026-06-18,61275209.03300443,63514471.19123797,-2239262.15823354,57305973.26232916,59545235.4205627,-2239262.15823354,8669092.496636856,50876142.92392585,26952347.67490085,ANALYST-CALC,Estimated availability and preliminary flags do not establish transferability
2026-06-19,61529996.98921485,63411068.03463403,-1881071.045419177,58058875.94609023,59939946.9915094,-1881071.045419177,8866873.603058271,51073073.38845114,27396539.05934793,ANALYST-CALC,Estimated availability and preliminary flags do not establish transferability
2026-06-20,59701533.58042124,61618533.66949125,-1917000.0890700081,55581792.808710955,57498792.89778096,-1917000.0890700081,8597654.3253004,48901138.57248057,26549181.488711335,ANALYST-CALC,Estimated availability and preliminary flags do not establish transferability
2026-06-21,60416717.07192526,62136622.39900079,-1719905.3270755345,56443110.55638332,58163015.88345886,-1719905.3270755345,8913676.30355534,49249339.57990352,25645627.265018113,ANALYST-CALC,Estimated availability and preliminary flags do not establish transferability
2026-06-22,59222358.256779514,61213922.81722601,-1991564.5604464947,55067718.86815489,57059283.428601384,-1991564.5604464947,8364545.276388849,48694738.15221253,25403457.659736518,ANALYST-CALC,Estimated availability and preliminary flags do not establish transferability
2026-06-23,59733232.573367074,62018199.87930683,-2284967.3059397526,55614106.05320745,57899073.3591472,-2284967.3059397526,8322985.262451387,49576088.09669581,25392192.51849075,ANALYST-CALC,Estimated availability and preliminary flags do not establish transferability
2026-06-24,59676614.97133746,61910050.666313685,-2233435.6949762264,55429045.28377269,57662480.97874892,-2233435.6949762264,8318562.475317231,49343918.503431685,26304282.874051634,ANALYST-CALC,Estimated availability and preliminary flags do not establish transferability
2026-06-25,59470181.9242608,61735959.00207368,-2265777.077812882,55182023.53096969,57447800.60878257,-2265777.077812882,8624963.488401039,48822837.12038153,26179120.972919,ANALYST-CALC,Estimated availability and preliminary flags do not establish transferability
2026-06-26,61285539.69231208,63171153.40706252,-1885613.7147504447,57842867.206629336,59728480.92137978,-1885613.7147504447,9109100.09102836,50619380.83035142,27072272.52249066,ANALYST-CALC,Estimated availability and preliminary flags do not establish transferability
2026-06-27,60876410.27177266,62620724.539779395,-1744314.2680067327,57396832.982418634,59141147.25042537,-1744314.2680067327,9165591.03466551,49975556.21575986,26569861.271336444,ANALYST-CALC,Estimated availability and preliminary flags do not establish transferability
2026-06-28,60676860.41779111,62421081.56569868,-1744221.1479075695,56932116.55628294,58676337.70419051,-1744221.1479075695,8692781.757833889,49983555.94635662,27120457.15273991,ANALYST-CALC,Estimated availability and preliminary flags do not establish transferability
2026-06-29,61364694.14655424,63495925.5954607,-2131231.44890646,57143830.60009116,59275062.04899762,-2131231.44890646,8382367.910534492,50892694.138463125,27441067.427133955,ANALYST-CALC,Estimated availability and preliminary flags do not establish transferability
2026-06-30,59795482.77208592,61933775.86820214,-2138293.096116226,55662922.36731451,57801215.46343073,-2138293.096116226,8053700.971147823,49747514.49228291,26324301.652759127,ANALYST-CALC,Estimated availability and preliminary flags do not establish transferability
