date,positive_account_count,zero_account_count,negative_account_count,gross_positive_available_usd,gross_negative_available_usd,net_estimated_available_usd,simultaneous_account_positions_flag,gross_positive_to_deficit_ratio,positive_entity_count,zero_entity_count,deficit_entity_count,gross_entity_surplus_usd,gross_entity_deficit_usd,entity_net_estimated_available_usd,simultaneous_entity_positions_flag,evidence_label,decision_boundary
2026-01-01,53,0,2,57391990.010627665,-2219284.1477296147,55172705.86289805,True,25.860586653286898,16,0,0,55172705.86289805,0.0,55172705.86289805,False,ANALYST-CALC,"Concurrent positions do not prove avoidable borrowing, transferability, or interest cost"
2026-01-02,53,0,2,58499125.387111425,-2080748.1137052448,56418377.273406185,True,28.11446758105691,16,0,0,56418377.27340618,0.0,56418377.273406185,False,ANALYST-CALC,"Concurrent positions do not prove avoidable borrowing, transferability, or interest cost"
2026-01-03,53,0,2,58579983.193003856,-1852426.9272895022,56727556.265714355,True,31.62337057943707,16,0,0,56727556.26571436,0.0,56727556.265714355,False,ANALYST-CALC,"Concurrent positions do not prove avoidable borrowing, transferability, or interest cost"
2026-01-04,53,0,2,56919048.14751566,-1650189.9324263744,55268858.21508929,True,34.49242237457123,16,0,0,55268858.21508929,0.0,55268858.21508929,False,ANALYST-CALC,"Concurrent positions do not prove avoidable borrowing, transferability, or interest cost"
2026-01-05,53,0,2,56277856.65270935,-1855618.0150009827,54422238.63770837,True,30.32836294849161,16,0,0,54422238.637708366,0.0,54422238.637708366,False,ANALYST-CALC,"Concurrent positions do not prove avoidable borrowing, transferability, or interest cost"
2026-01-06,53,0,2,55948948.57858639,-2266643.6106528537,53682304.967933536,True,24.6836107430544,15,0,1,53714221.559849724,-31916.591916193778,53682304.967933536,True,ANALYST-CALC,"Concurrent positions do not prove avoidable borrowing, transferability, or interest cost"
2026-01-07,53,0,2,56396730.79987798,-2222585.529083999,54174145.270793974,True,25.374380451006058,16,0,0,54174145.270793974,0.0,54174145.270793974,False,ANALYST-CALC,"Concurrent positions do not prove avoidable borrowing, transferability, or interest cost"
2026-01-08,53,0,2,58013114.80880838,-2304702.2219002014,55708412.58690818,True,25.171631396691765,16,0,0,55708412.58690818,0.0,55708412.58690818,False,ANALYST-CALC,"Concurrent positions do not prove avoidable borrowing, transferability, or interest cost"
2026-01-09,53,0,2,58576930.38267987,-2121114.267682032,56455816.11499784,True,27.616112566482865,16,0,0,56455816.114997834,0.0,56455816.114997834,False,ANALYST-CALC,"Concurrent positions do not prove avoidable borrowing, transferability, or interest cost"
2026-01-10,53,0,2,60517801.520846136,-1910785.5123839667,58607016.00846217,True,31.67168744405116,16,0,0,58607016.008462176,0.0,58607016.00846217,False,ANALYST-CALC,"Concurrent positions do not prove avoidable borrowing, transferability, or interest cost"
2026-01-11,53,0,2,56460822.932412244,-1809992.6142449332,54650830.318167314,True,31.193952112321607,16,0,0,54650830.318167314,0.0,54650830.318167314,False,ANALYST-CALC,"Concurrent positions do not prove avoidable borrowing, transferability, or interest cost"
2026-01-12,53,0,2,56215705.24548002,-2143147.6282173325,54072557.61726269,True,26.2304399871138,15,0,1,54083905.56745811,-11347.950195411104,54072557.61726269,True,ANALYST-CALC,"Concurrent positions do not prove avoidable borrowing, transferability, or interest cost"
2026-01-13,53,0,2,56643063.39594246,-2327663.1727391295,54315400.22320333,True,24.334733675958137,15,0,1,54332124.7300144,-16724.50681106723,54315400.22320333,True,ANALYST-CALC,"Concurrent positions do not prove avoidable borrowing, transferability, or interest cost"
2026-01-14,53,0,2,56523189.033203684,-2401880.597315347,54121308.43588834,True,23.532888810701635,15,0,1,54362635.81167051,-241327.37578217016,54121308.435888335,True,ANALYST-CALC,"Concurrent positions do not prove avoidable borrowing, transferability, or interest cost"
2026-01-15,53,0,2,56203905.263883926,-2394378.9088693606,53809526.35501457,True,23.473271108299116,16,0,0,53809526.35501457,0.0,53809526.35501457,False,ANALYST-CALC,"Concurrent positions do not prove avoidable borrowing, transferability, or interest cost"
2026-01-16,53,0,2,57877186.711746745,-2013197.6438267024,55863989.067920044,True,28.74888458628102,16,0,0,55863989.067920044,0.0,55863989.067920044,False,ANALYST-CALC,"Concurrent positions do not prove avoidable borrowing, transferability, or interest cost"
2026-01-17,53,0,2,57379227.7243235,-2041562.4719060175,55337665.25241749,True,28.105545881607945,16,0,0,55337665.25241749,0.0,55337665.25241749,False,ANALYST-CALC,"Concurrent positions do not prove avoidable borrowing, transferability, or interest cost"
2026-01-18,53,0,2,57311012.45482286,-1821729.297008126,55489283.15781473,True,31.45967545724068,16,0,0,55489283.15781473,0.0,55489283.15781473,False,ANALYST-CALC,"Concurrent positions do not prove avoidable borrowing, transferability, or interest cost"
2026-01-19,53,0,2,58407276.85622421,-2022810.3905429733,56384466.46568123,True,28.874321156985072,15,0,1,56454356.738606825,-69890.27292559255,56384466.46568123,True,ANALYST-CALC,"Concurrent positions do not prove avoidable borrowing, transferability, or interest cost"
2026-01-20,53,0,2,56922775.81010833,-2155231.9383546514,54767543.87175367,True,26.411438507896438,16,0,0,54767543.87175367,0.0,54767543.87175367,False,ANALYST-CALC,"Concurrent positions do not prove avoidable borrowing, transferability, or interest cost"
2026-01-21,53,0,2,57834443.829154804,-2181137.146636308,55653306.6825185,True,26.515730071511342,15,0,1,55667821.30116937,-14514.618650881806,55653306.6825185,True,ANALYST-CALC,"Concurrent positions do not prove avoidable borrowing, transferability, or interest cost"
2026-01-22,53,0,2,59377456.49201648,-2266911.2211334337,57110545.270883046,True,26.193110669031107,16,0,0,57110545.270883046,0.0,57110545.270883046,False,ANALYST-CALC,"Concurrent positions do not prove avoidable borrowing, transferability, or interest cost"
2026-01-23,53,0,2,58478331.549153104,-2015998.9440575119,56462332.605095595,True,29.007124096730106,16,0,0,56462332.605095595,0.0,56462332.605095595,False,ANALYST-CALC,"Concurrent positions do not prove avoidable borrowing, transferability, or interest cost"
2026-01-24,53,0,2,58057820.07559389,-1819010.8476699512,56238809.22792394,True,31.91724785476823,16,0,0,56238809.22792393,0.0,56238809.22792394,False,ANALYST-CALC,"Concurrent positions do not prove avoidable borrowing, transferability, or interest cost"
2026-01-25,53,0,2,58736523.576605916,-1707651.7290631423,57028871.84754277,True,34.39607888244879,16,0,0,57028871.84754278,0.0,57028871.84754277,False,ANALYST-CALC,"Concurrent positions do not prove avoidable borrowing, transferability, or interest cost"
2026-01-26,53,0,2,56141687.94716493,-1958094.6616521822,54183593.285512745,True,28.671590320252566,16,0,0,54183593.285512745,0.0,54183593.285512745,False,ANALYST-CALC,"Concurrent positions do not prove avoidable borrowing, transferability, or interest cost"
2026-01-27,53,0,2,58078474.63826424,-2183934.3626445853,55894540.275619656,True,26.593507401905356,15,0,1,56065380.3454589,-170840.06983924657,55894540.275619656,True,ANALYST-CALC,"Concurrent positions do not prove avoidable borrowing, transferability, or interest cost"
2026-01-28,53,0,2,58255761.72921775,-2408945.153056572,55846816.576161176,True,24.183100082332867,14,0,2,56011638.47166558,-164821.89550440715,55846816.576161176,True,ANALYST-CALC,"Concurrent positions do not prove avoidable borrowing, transferability, or interest cost"
2026-01-29,53,0,2,58670947.84314717,-2140349.9449810255,56530597.89816615,True,27.411848226373703,16,0,0,56530597.89816615,0.0,56530597.89816615,False,ANALYST-CALC,"Concurrent positions do not prove avoidable borrowing, transferability, or interest cost"
2026-01-30,53,0,2,58254168.35043232,-2172980.762754066,56081187.58767825,True,26.80841420639186,16,0,0,56081187.58767825,0.0,56081187.58767825,False,ANALYST-CALC,"Concurrent positions do not prove avoidable borrowing, transferability, or interest cost"
2026-01-31,53,0,2,57828690.56200714,-1720403.4873832983,56108287.07462384,True,33.613446488627794,16,0,0,56108287.07462384,0.0,56108287.07462384,False,ANALYST-CALC,"Concurrent positions do not prove avoidable borrowing, transferability, or interest cost"
2026-02-01,53,0,2,58685943.58021536,-1962530.2862701071,56723413.29394525,True,29.903204037554552,16,0,0,56723413.29394525,0.0,56723413.29394525,False,ANALYST-CALC,"Concurrent positions do not prove avoidable borrowing, transferability, or interest cost"
2026-02-02,53,0,2,58808895.04375836,-2119645.381958725,56689249.66179963,True,27.744685759376484,15,0,1,56802397.03660239,-113147.37480276258,56689249.66179963,True,ANALYST-CALC,"Concurrent positions do not prove avoidable borrowing, transferability, or interest cost"
2026-02-03,53,0,2,58637091.469886,-2022903.9635244007,56614187.5063616,True,28.986591814139132,16,0,0,56614187.506361604,0.0,56614187.5063616,False,ANALYST-CALC,"Concurrent positions do not prove avoidable borrowing, transferability, or interest cost"
2026-02-04,53,0,2,57929755.177693695,-2233750.9020774895,55696004.275616206,True,25.933847468764935,16,0,0,55696004.275616206,0.0,55696004.275616206,False,ANALYST-CALC,"Concurrent positions do not prove avoidable borrowing, transferability, or interest cost"
2026-02-05,53,0,2,58996261.298637785,-2014243.3687804756,56982017.929857306,True,29.289539790992134,16,0,0,56982017.929857306,0.0,56982017.929857306,False,ANALYST-CALC,"Concurrent positions do not prove avoidable borrowing, transferability, or interest cost"
2026-02-06,53,0,2,58551178.84934315,-2321141.6712671127,56230037.178076036,True,25.22516379509917,16,0,0,56230037.17807604,0.0,56230037.178076036,False,ANALYST-CALC,"Concurrent positions do not prove avoidable borrowing, transferability, or interest cost"
2026-02-07,53,0,2,58365940.847074874,-2130404.2784528467,56235536.56862203,True,27.39665022146017,15,0,1,56304038.523646854,-68501.95502482809,56235536.56862203,True,ANALYST-CALC,"Concurrent positions do not prove avoidable borrowing, transferability, or interest cost"
2026-02-08,53,0,2,58613192.97407396,-1635547.3834069045,56977645.59066706,True,35.83704976616486,16,0,0,56977645.59066706,0.0,56977645.59066706,False,ANALYST-CALC,"Concurrent positions do not prove avoidable borrowing, transferability, or interest cost"
2026-02-09,53,0,2,58499013.19901371,-1840527.372473521,56658485.82654019,True,31.783832217825555,16,0,0,56658485.82654019,0.0,56658485.82654019,False,ANALYST-CALC,"Concurrent positions do not prove avoidable borrowing, transferability, or interest cost"
2026-02-10,53,0,2,58728207.16562093,-2105891.0174752907,56622316.14814564,True,27.88758139821925,16,0,0,56622316.148145646,0.0,56622316.14814564,False,ANALYST-CALC,"Concurrent positions do not prove avoidable borrowing, transferability, or interest cost"
2026-02-11,53,0,2,57236388.65546712,-2236502.8374497243,54999885.8180174,True,25.591914169325875,16,0,0,54999885.8180174,0.0,54999885.8180174,False,ANALYST-CALC,"Concurrent positions do not prove avoidable borrowing, transferability, or interest cost"
2026-02-12,53,0,2,58722697.70283646,-1977135.2759458276,56745562.426890634,True,29.700900296134026,16,0,0,56745562.426890634,0.0,56745562.426890634,False,ANALYST-CALC,"Concurrent positions do not prove avoidable borrowing, transferability, or interest cost"
2026-02-13,53,0,2,57527241.12767041,-2080937.7367484313,55446303.39092197,True,27.644864193562842,15,0,1,55500816.48593718,-54513.09501520009,55446303.39092198,True,ANALYST-CALC,"Concurrent positions do not prove avoidable borrowing, transferability, or interest cost"
2026-02-14,53,0,2,57057594.06420474,-1961132.5059209631,55096461.55828377,True,29.094206481173003,16,0,0,55096461.558283776,0.0,55096461.558283776,False,ANALYST-CALC,"Concurrent positions do not prove avoidable borrowing, transferability, or interest cost"
2026-02-15,53,0,2,57966761.73847232,-1865902.8838167354,56100858.854655586,True,31.066333752537187,16,0,0,56100858.85465558,0.0,56100858.854655586,False,ANALYST-CALC,"Concurrent positions do not prove avoidable borrowing, transferability, or interest cost"
2026-02-16,53,0,2,58645405.26792014,-1833947.006554432,56811458.261365704,True,31.977698951128076,16,0,0,56811458.26136571,0.0,56811458.26136571,False,ANALYST-CALC,"Concurrent positions do not prove avoidable borrowing, transferability, or interest cost"
2026-02-17,53,0,2,58333587.78689662,-2312162.3157753227,56021425.471121304,True,25.229019342154615,15,0,1,56025330.96222468,-3905.4911033711396,56021425.471121304,True,ANALYST-CALC,"Concurrent positions do not prove avoidable borrowing, transferability, or interest cost"
2026-02-18,53,0,2,57282393.74646545,-2394262.24833893,54888131.49812652,True,23.924861942841193,15,0,1,54916372.78584427,-28241.28771774897,54888131.49812652,True,ANALYST-CALC,"Concurrent positions do not prove avoidable borrowing, transferability, or interest cost"
2026-02-19,53,0,2,58150765.775595546,-2348033.9145952086,55802731.86100034,True,24.76572651448286,15,0,1,55937253.877505675,-134522.01650533848,55802731.86100034,True,ANALYST-CALC,"Concurrent positions do not prove avoidable borrowing, transferability, or interest cost"
2026-02-20,53,0,2,60704809.23756782,-2163372.8599343263,58541436.37763349,True,28.060261992660223,16,0,0,58541436.3776335,0.0,58541436.37763349,False,ANALYST-CALC,"Concurrent positions do not prove avoidable borrowing, transferability, or interest cost"
2026-02-21,53,0,2,60570971.34355341,-1989616.4051206368,58581354.938432775,True,30.443542377145207,16,0,0,58581354.93843277,0.0,58581354.938432775,False,ANALYST-CALC,"Concurrent positions do not prove avoidable borrowing, transferability, or interest cost"
2026-02-22,53,0,2,59439325.76667282,-1801302.4281909931,57638023.33848183,True,32.99797126591695,16,0,0,57638023.33848183,0.0,57638023.33848183,False,ANALYST-CALC,"Concurrent positions do not prove avoidable borrowing, transferability, or interest cost"
2026-02-23,53,0,2,60950667.48683059,-1915748.2318718378,59034919.254958756,True,31.815593757472485,16,0,0,59034919.254958756,0.0,59034919.254958756,False,ANALYST-CALC,"Concurrent positions do not prove avoidable borrowing, transferability, or interest cost"
2026-02-24,53,0,2,56970096.92124367,-2101970.4245524174,54868126.49669125,True,27.103186731742234,16,0,0,54868126.49669125,0.0,54868126.49669125,False,ANALYST-CALC,"Concurrent positions do not prove avoidable borrowing, transferability, or interest cost"
2026-02-25,53,0,2,56314804.63892646,-2546338.8457812318,53768465.793145224,True,22.115990074230968,14,0,2,53922146.65400276,-153680.86085753288,53768465.79314523,True,ANALYST-CALC,"Concurrent positions do not prove avoidable borrowing, transferability, or interest cost"
2026-02-26,53,0,2,57432790.50441362,-2373522.5172074945,55059267.987206124,True,24.19728066114353,15,0,1,55098556.67070229,-39288.6834961726,55059267.987206124,True,ANALYST-CALC,"Concurrent positions do not prove avoidable borrowing, transferability, or interest cost"
2026-02-27,53,0,2,58569084.54175291,-2114640.225753108,56454444.315999806,True,27.69694997213728,16,0,0,56454444.315999806,0.0,56454444.315999806,False,ANALYST-CALC,"Concurrent positions do not prove avoidable borrowing, transferability, or interest cost"
2026-02-28,53,0,2,61051906.46217615,-1822655.9994112998,59229250.46276485,True,33.49612130972346,16,0,0,59229250.46276486,0.0,59229250.46276485,False,ANALYST-CALC,"Concurrent positions do not prove avoidable borrowing, transferability, or interest cost"
2026-03-01,53,0,2,59168065.62036573,-1910948.5181022463,57257117.10226348,True,30.962668570017392,16,0,0,57257117.10226348,0.0,57257117.10226348,False,ANALYST-CALC,"Concurrent positions do not prove avoidable borrowing, transferability, or interest cost"
2026-03-02,53,0,2,59674654.68431589,-1914259.3571648225,57760395.32715107,True,31.173756294287635,16,0,0,57760395.32715107,0.0,57760395.32715107,False,ANALYST-CALC,"Concurrent positions do not prove avoidable borrowing, transferability, or interest cost"
2026-03-03,53,0,2,57733502.070751555,-2236500.6117347847,55497001.45901678,True,25.814212510306202,15,0,1,55622899.26955539,-125897.81053861481,55497001.45901677,True,ANALYST-CALC,"Concurrent positions do not prove avoidable borrowing, transferability, or interest cost"
2026-03-04,53,0,2,55963875.19506791,-2342407.7200930174,53621467.47497489,True,23.89160294982531,15,0,1,53642574.1778334,-21106.702858507128,53621467.47497489,True,ANALYST-CALC,"Concurrent positions do not prove avoidable borrowing, transferability, or interest cost"
2026-03-05,53,0,2,57062973.20040443,-2341462.46532482,54721510.73507961,True,24.37065468503607,16,0,0,54721510.73507961,0.0,54721510.7350796,False,ANALYST-CALC,"Concurrent positions do not prove avoidable borrowing, transferability, or interest cost"
2026-03-06,53,0,2,57523589.66618565,-2006760.8423081022,55516828.82387755,True,28.66489541425581,16,0,0,55516828.82387755,0.0,55516828.82387755,False,ANALYST-CALC,"Concurrent positions do not prove avoidable borrowing, transferability, or interest cost"
2026-03-07,53,0,2,56505383.013197474,-1866926.186289184,54638456.82690829,True,30.26653299320366,16,0,0,54638456.82690829,0.0,54638456.82690829,False,ANALYST-CALC,"Concurrent positions do not prove avoidable borrowing, transferability, or interest cost"
2026-03-08,53,0,2,59117443.62085207,-1924086.2872221055,57193357.333629966,True,30.724944101235042,16,0,0,57193357.333629966,0.0,57193357.333629966,False,ANALYST-CALC,"Concurrent positions do not prove avoidable borrowing, transferability, or interest cost"
2026-03-09,53,0,2,56930301.174981,-1961744.9722042482,54968556.20277675,True,29.020235546220462,16,0,0,54968556.202776745,0.0,54968556.20277675,False,ANALYST-CALC,"Concurrent positions do not prove avoidable borrowing, transferability, or interest cost"
2026-03-10,53,0,2,57130602.09462741,-2174083.376887914,54956518.71773949,True,26.278017992302974,15,0,1,54970052.338550135,-13533.620810644818,54956518.71773949,True,ANALYST-CALC,"Concurrent positions do not prove avoidable borrowing, transferability, or interest cost"
2026-03-11,53,0,2,57640166.6181889,-2418780.2048318507,55221386.41335705,True,23.830262254935207,15,0,1,55256450.751286656,-35064.337929605404,55221386.41335705,True,ANALYST-CALC,"Concurrent positions do not prove avoidable borrowing, transferability, or interest cost"
2026-03-12,53,0,2,58418574.32103204,-1881128.8312795316,56537445.48975251,True,31.055062975828246,16,0,0,56537445.489752516,0.0,56537445.48975251,False,ANALYST-CALC,"Concurrent positions do not prove avoidable borrowing, transferability, or interest cost"
2026-03-13,53,0,2,57817029.95759288,-1935160.88174179,55881869.07585109,True,29.877117971480082,16,0,0,55881869.07585109,0.0,55881869.07585109,False,ANALYST-CALC,"Concurrent positions do not prove avoidable borrowing, transferability, or interest cost"
2026-03-14,53,0,2,60856715.213153385,-2005929.961316273,58850785.25183711,True,30.33840482307755,16,0,0,58850785.25183711,0.0,58850785.25183711,False,ANALYST-CALC,"Concurrent positions do not prove avoidable borrowing, transferability, or interest cost"
2026-03-15,53,0,2,57836940.70047478,-1687695.6500918404,56149245.05038294,True,34.26976937300717,16,0,0,56149245.05038294,0.0,56149245.05038294,False,ANALYST-CALC,"Concurrent positions do not prove avoidable borrowing, transferability, or interest cost"
2026-03-16,53,0,2,57066591.99331525,-1868405.5479075818,55198186.445407666,True,30.54293649321682,16,0,0,55198186.44540767,0.0,55198186.445407666,False,ANALYST-CALC,"Concurrent positions do not prove avoidable borrowing, transferability, or interest cost"
2026-03-17,53,0,2,58397171.412083946,-2040521.6266722311,56356649.785411716,True,28.61874662280376,16,0,0,56356649.785411716,0.0,56356649.785411716,False,ANALYST-CALC,"Concurrent positions do not prove avoidable borrowing, transferability, or interest cost"
2026-03-18,53,0,2,57683848.35431271,-2342223.991525412,55341624.3627873,True,24.62781039004948,16,0,0,55341624.36278729,0.0,55341624.3627873,False,ANALYST-CALC,"Concurrent positions do not prove avoidable borrowing, transferability, or interest cost"
2026-03-19,53,0,2,58054547.416687146,-2246330.2424196377,55808217.17426751,True,25.844173007328436,16,0,0,55808217.174267516,0.0,55808217.174267516,False,ANALYST-CALC,"Concurrent positions do not prove avoidable borrowing, transferability, or interest cost"
2026-03-20,53,0,2,60124195.29952216,-1918084.168959957,58206111.1305622,True,31.34596295225319,16,0,0,58206111.1305622,0.0,58206111.1305622,False,ANALYST-CALC,"Concurrent positions do not prove avoidable borrowing, transferability, or interest cost"
2026-03-21,53,0,2,58585437.74613174,-2007985.9213293376,56577451.8248024,True,29.176219376750755,16,0,0,56577451.8248024,0.0,56577451.8248024,False,ANALYST-CALC,"Concurrent positions do not prove avoidable borrowing, transferability, or interest cost"
2026-03-22,53,0,2,58251369.267687514,-1708860.1350553299,56542509.13263218,True,34.087850768314304,16,0,0,56542509.13263217,0.0,56542509.13263218,False,ANALYST-CALC,"Concurrent positions do not prove avoidable borrowing, transferability, or interest cost"
2026-03-23,53,0,2,57953057.63388249,-1956756.5577026405,55996301.07617985,True,29.6168971074885,16,0,0,55996301.07617985,0.0,55996301.07617985,False,ANALYST-CALC,"Concurrent positions do not prove avoidable borrowing, transferability, or interest cost"
2026-03-24,53,0,2,55810934.52970269,-2263430.645454688,53547503.884248,True,24.65767380227864,14,0,2,53587338.620110445,-39834.73586243595,53547503.884248,True,ANALYST-CALC,"Concurrent positions do not prove avoidable borrowing, transferability, or interest cost"
2026-03-25,53,0,2,57437458.013543546,-2304467.24849403,55132990.76504952,True,24.92439762425738,16,0,0,55132990.76504951,0.0,55132990.76504951,False,ANALYST-CALC,"Concurrent positions do not prove avoidable borrowing, transferability, or interest cost"
2026-03-26,53,0,2,58484151.69943168,-2280679.38788428,56203472.3115474,True,25.643302609791956,14,0,2,56310640.00582032,-107167.69427292123,56203472.3115474,True,ANALYST-CALC,"Concurrent positions do not prove avoidable borrowing, transferability, or interest cost"
2026-03-27,53,0,2,58712833.27384267,-2116761.1052092793,56596072.16863339,True,27.737108892142963,16,0,0,56596072.16863339,0.0,56596072.16863339,False,ANALYST-CALC,"Concurrent positions do not prove avoidable borrowing, transferability, or interest cost"
2026-03-28,53,0,2,60943554.84836734,-1570414.2969884553,59373140.55137888,True,38.80731025261123,16,0,0,59373140.55137888,0.0,59373140.55137888,False,ANALYST-CALC,"Concurrent positions do not prove avoidable borrowing, transferability, or interest cost"
2026-03-29,53,0,2,57871733.027969025,-1979642.8644377035,55892090.16353132,True,29.233420869782428,15,0,1,55904703.06831953,-12612.904788203363,55892090.16353132,True,ANALYST-CALC,"Concurrent positions do not prove avoidable borrowing, transferability, or interest cost"
2026-03-30,53,0,2,56157573.65653419,-1922061.3751043067,54235512.28142988,True,29.217367553357455,16,0,0,54235512.28142987,0.0,54235512.28142988,False,ANALYST-CALC,"Concurrent positions do not prove avoidable borrowing, transferability, or interest cost"
2026-03-31,53,0,2,55887384.79476691,-2105492.3627367015,53781892.43203021,True,26.54361791278357,16,0,0,53781892.43203021,0.0,53781892.43203021,False,ANALYST-CALC,"Concurrent positions do not prove avoidable borrowing, transferability, or interest cost"
2026-04-01,53,0,2,55699368.45785414,-2125778.7013208764,53573589.756533265,True,26.201865896598132,16,0,0,53573589.756533265,0.0,53573589.756533265,False,ANALYST-CALC,"Concurrent positions do not prove avoidable borrowing, transferability, or interest cost"
2026-04-02,53,0,2,61575624.76215569,-2153690.865912729,59421933.89624296,True,28.590744259882484,16,0,0,59421933.89624296,0.0,59421933.89624296,False,ANALYST-CALC,"Concurrent positions do not prove avoidable borrowing, transferability, or interest cost"
2026-04-03,53,0,2,60424454.164892614,-2269890.2124395,58154563.952453114,True,26.619989739483106,16,0,0,58154563.95245311,0.0,58154563.952453114,False,ANALYST-CALC,"Concurrent positions do not prove avoidable borrowing, transferability, or interest cost"
2026-04-04,53,0,2,58730707.63035929,-1720503.0098711173,57010204.620488174,True,34.13577732407385,16,0,0,57010204.620488174,0.0,57010204.620488174,False,ANALYST-CALC,"Concurrent positions do not prove avoidable borrowing, transferability, or interest cost"
2026-04-05,53,0,2,58753074.734053604,-2002105.0818903474,56750969.65216325,True,29.345649868976974,16,0,0,56750969.65216325,0.0,56750969.65216325,False,ANALYST-CALC,"Concurrent positions do not prove avoidable borrowing, transferability, or interest cost"
2026-04-06,53,0,2,56422195.4117933,-1902963.5481923083,54519231.86360099,True,29.64964592484744,16,0,0,54519231.863600984,0.0,54519231.86360099,False,ANALYST-CALC,"Concurrent positions do not prove avoidable borrowing, transferability, or interest cost"
2026-04-07,53,0,2,56587534.52081259,-2190741.0482837153,54396793.472528875,True,25.830316442531977,16,0,0,54396793.472528875,0.0,54396793.472528875,False,ANALYST-CALC,"Concurrent positions do not prove avoidable borrowing, transferability, or interest cost"
2026-04-08,53,0,2,56354287.65829046,-2321491.8648066707,54032795.793483794,True,24.27503129027055,15,0,1,54057129.671347626,-24333.877863829213,54032795.793483794,True,ANALYST-CALC,"Concurrent positions do not prove avoidable borrowing, transferability, or interest cost"
2026-04-09,53,0,2,57758564.65111813,-2263876.50698412,55494688.144134015,True,25.513125151893846,16,0,0,55494688.14413401,0.0,55494688.144134015,False,ANALYST-CALC,"Concurrent positions do not prove avoidable borrowing, transferability, or interest cost"
2026-04-10,53,0,2,57845987.05624821,-2187739.917578971,55658247.13866924,True,26.44097984017341,16,0,0,55658247.13866924,0.0,55658247.13866924,False,ANALYST-CALC,"Concurrent positions do not prove avoidable borrowing, transferability, or interest cost"
2026-04-11,53,0,2,59479022.50133803,-2067227.242344897,57411795.258993134,True,28.77236777988171,16,0,0,57411795.258993134,0.0,57411795.25899313,False,ANALYST-CALC,"Concurrent positions do not prove avoidable borrowing, transferability, or interest cost"
2026-04-12,53,0,2,58431366.469959036,-1874568.3454038198,56556798.124555215,True,31.170571408198906,16,0,0,56556798.124555215,0.0,56556798.124555215,False,ANALYST-CALC,"Concurrent positions do not prove avoidable borrowing, transferability, or interest cost"
2026-04-13,53,0,2,57107558.49436643,-2086015.8123221905,55021542.68204424,True,27.376378528403034,16,0,0,55021542.68204424,0.0,55021542.68204424,False,ANALYST-CALC,"Concurrent positions do not prove avoidable borrowing, transferability, or interest cost"
2026-04-14,53,0,2,55584204.40303047,-2085570.875349771,53498633.527680695,True,26.651793549671837,15,0,1,53615219.85888621,-116586.33120551263,53498633.5276807,True,ANALYST-CALC,"Concurrent positions do not prove avoidable borrowing, transferability, or interest cost"
2026-04-15,53,0,2,56562577.45917792,-2362273.381310934,54200304.07786698,True,23.944128527490218,15,0,1,54242624.54117999,-42320.463313007014,54200304.07786698,True,ANALYST-CALC,"Concurrent positions do not prove avoidable borrowing, transferability, or interest cost"
2026-04-16,53,0,2,57050370.00795159,-2083492.8027103457,54966877.20524125,True,27.382081634137002,16,0,0,54966877.20524125,0.0,54966877.20524124,False,ANALYST-CALC,"Concurrent positions do not prove avoidable borrowing, transferability, or interest cost"
2026-04-17,53,0,2,58010833.893744506,-1920669.816331504,56090164.077413,True,30.203439133825565,16,0,0,56090164.077413,0.0,56090164.077413,False,ANALYST-CALC,"Concurrent positions do not prove avoidable borrowing, transferability, or interest cost"
2026-04-18,53,0,2,58886544.112026915,-1959188.4694491099,56927355.642577805,True,30.0565999801871,16,0,0,56927355.64257781,0.0,56927355.64257781,False,ANALYST-CALC,"Concurrent positions do not prove avoidable borrowing, transferability, or interest cost"
2026-04-19,53,0,2,60320345.93186426,-1584149.6709220475,58736196.26094221,True,38.077428565670225,16,0,0,58736196.26094221,0.0,58736196.26094221,False,ANALYST-CALC,"Concurrent positions do not prove avoidable borrowing, transferability, or interest cost"
2026-04-20,52,1,2,55463036.36562838,-1956426.0749172657,53506610.29071111,True,28.34916027582275,16,0,0,53506610.29071111,0.0,53506610.29071111,False,ANALYST-CALC,"Concurrent positions do not prove avoidable borrowing, transferability, or interest cost"
2026-04-21,53,0,2,56053654.61955756,-2380645.8794195205,53673008.74013804,True,23.545565976080944,15,0,1,53843103.1765648,-170094.436426754,53673008.74013804,True,ANALYST-CALC,"Concurrent positions do not prove avoidable borrowing, transferability, or interest cost"
2026-04-22,53,0,2,59191319.19500087,-2261760.5005401336,56929558.694460735,True,26.170462867693253,16,0,0,56929558.694460735,0.0,56929558.694460735,False,ANALYST-CALC,"Concurrent positions do not prove avoidable borrowing, transferability, or interest cost"
2026-04-23,53,0,2,59172902.455332875,-2049621.0630919258,57123281.39224095,True,28.870167037641806,16,0,0,57123281.39224095,0.0,57123281.39224095,False,ANALYST-CALC,"Concurrent positions do not prove avoidable borrowing, transferability, or interest cost"
2026-04-24,53,0,2,57638322.30695719,-2129479.900844563,55508842.406112626,True,27.066854345090338,16,0,0,55508842.406112626,0.0,55508842.40611263,False,ANALYST-CALC,"Concurrent positions do not prove avoidable borrowing, transferability, or interest cost"
2026-04-25,53,0,2,59181159.925827436,-2055047.4280432845,57126112.49778415,True,28.797953331022068,16,0,0,57126112.49778415,0.0,57126112.49778415,False,ANALYST-CALC,"Concurrent positions do not prove avoidable borrowing, transferability, or interest cost"
2026-04-26,53,0,2,58353472.613075234,-1678853.7605140305,56674618.8525612,True,34.75792471359066,16,0,0,56674618.852561206,0.0,56674618.852561206,False,ANALYST-CALC,"Concurrent positions do not prove avoidable borrowing, transferability, or interest cost"
2026-04-27,53,0,2,55929618.28035093,-1951008.7945091387,53978609.48584179,True,28.667025201402264,15,0,1,54009814.87134879,-31205.385506999854,53978609.48584179,True,ANALYST-CALC,"Concurrent positions do not prove avoidable borrowing, transferability, or interest cost"
2026-04-28,53,0,2,54924102.51153802,-2028545.082911464,52895557.42862655,True,27.0756134405001,15,0,1,52999755.20364996,-104197.77502339851,52895557.42862656,True,ANALYST-CALC,"Concurrent positions do not prove avoidable borrowing, transferability, or interest cost"
2026-04-29,53,0,2,58257173.296750456,-2358562.579141224,55898610.717609234,True,24.700287290219993,14,0,2,56023195.11036234,-124584.39275311242,55898610.71760923,True,ANALYST-CALC,"Concurrent positions do not prove avoidable borrowing, transferability, or interest cost"
2026-04-30,53,0,2,58813373.37248164,-2396082.3087322344,56417291.0637494,True,24.545639838057046,16,0,0,56417291.0637494,0.0,56417291.0637494,False,ANALYST-CALC,"Concurrent positions do not prove avoidable borrowing, transferability, or interest cost"
2026-05-01,53,0,2,59094276.297719896,-1987622.9928589943,57106653.304860905,True,29.731129348991264,16,0,0,57106653.304860905,0.0,57106653.304860905,False,ANALYST-CALC,"Concurrent positions do not prove avoidable borrowing, transferability, or interest cost"
2026-05-02,53,0,2,57862053.95102401,-2004031.9355863798,55858022.01543763,True,28.872820299689273,16,0,0,55858022.01543763,0.0,55858022.01543763,False,ANALYST-CALC,"Concurrent positions do not prove avoidable borrowing, transferability, or interest cost"
2026-05-03,53,0,2,56773139.309611864,-2123728.702756137,54649410.60685573,True,26.732764517394664,16,0,0,54649410.60685573,0.0,54649410.60685573,False,ANALYST-CALC,"Concurrent positions do not prove avoidable borrowing, transferability, or interest cost"
2026-05-04,53,0,2,57613441.49087937,-2073827.4197050151,55539614.07117436,True,27.78121310551213,16,0,0,55539614.07117435,0.0,55539614.07117436,False,ANALYST-CALC,"Concurrent positions do not prove avoidable borrowing, transferability, or interest cost"
2026-05-05,53,0,2,56237431.44117741,-2150505.8461138695,54086925.595063545,True,26.150792169573872,15,0,1,54124200.27004517,-37274.67498162069,54086925.595063545,True,ANALYST-CALC,"Concurrent positions do not prove avoidable borrowing, transferability, or interest cost"
2026-05-06,53,0,2,56879309.70600164,-2380527.4849691875,54498782.221032456,True,23.89357403564608,16,0,0,54498782.221032456,0.0,54498782.221032456,False,ANALYST-CALC,"Concurrent positions do not prove avoidable borrowing, transferability, or interest cost"
2026-05-07,53,0,2,58680144.13445029,-2099205.0676266383,56580939.066823654,True,27.953507277301913,16,0,0,56580939.06682365,0.0,56580939.066823654,False,ANALYST-CALC,"Concurrent positions do not prove avoidable borrowing, transferability, or interest cost"
2026-05-08,53,0,2,58238702.35080412,-2054211.1982152949,56184491.15258882,True,28.350883493090723,16,0,0,56184491.15258883,0.0,56184491.15258882,False,ANALYST-CALC,"Concurrent positions do not prove avoidable borrowing, transferability, or interest cost"
2026-05-09,53,0,2,58382774.829066254,-1742806.2284042314,56639968.60066202,True,33.4992920483899,16,0,0,56639968.60066202,0.0,56639968.60066202,False,ANALYST-CALC,"Concurrent positions do not prove avoidable borrowing, transferability, or interest cost"
2026-05-10,53,0,2,56043746.56721801,-1905412.9433281985,54138333.62388981,True,29.412913753659087,16,0,0,54138333.62388982,0.0,54138333.62388982,False,ANALYST-CALC,"Concurrent positions do not prove avoidable borrowing, transferability, or interest cost"
2026-05-11,53,0,2,57098128.27375883,-1815030.7622988042,55283097.51146002,True,31.458490654693872,16,0,0,55283097.51146002,0.0,55283097.51146002,False,ANALYST-CALC,"Concurrent positions do not prove avoidable borrowing, transferability, or interest cost"
2026-05-12,53,0,2,57772122.647955306,-1928378.65470525,55843743.99325006,True,29.958910044451667,16,0,0,55843743.99325006,0.0,55843743.99325006,False,ANALYST-CALC,"Concurrent positions do not prove avoidable borrowing, transferability, or interest cost"
2026-05-13,53,0,2,56987078.16180788,-2252181.2028506882,54734896.958957195,True,25.303060912539692,15,0,1,54778607.47123799,-43710.51228079363,54734896.958957195,True,ANALYST-CALC,"Concurrent positions do not prove avoidable borrowing, transferability, or interest cost"
2026-05-14,53,0,2,58925107.773852125,-2236668.103489159,56688439.670362964,True,26.34503871268611,16,0,0,56688439.670362964,0.0,56688439.670362964,False,ANALYST-CALC,"Concurrent positions do not prove avoidable borrowing, transferability, or interest cost"
2026-05-15,53,0,2,57889401.609758265,-2045108.5566499548,55844293.05310831,True,28.306273239883932,16,0,0,55844293.053108305,0.0,55844293.05310831,False,ANALYST-CALC,"Concurrent positions do not prove avoidable borrowing, transferability, or interest cost"
2026-05-16,53,0,2,59176756.13411443,-1764816.7390579185,57411939.39505651,True,33.53138874107899,16,0,0,57411939.3950565,0.0,57411939.39505651,False,ANALYST-CALC,"Concurrent positions do not prove avoidable borrowing, transferability, or interest cost"
2026-05-17,53,0,2,58119556.95914355,-1884553.5551005271,56235003.404043026,True,30.83996037249432,16,0,0,56235003.40404302,0.0,56235003.40404302,False,ANALYST-CALC,"Concurrent positions do not prove avoidable borrowing, transferability, or interest cost"
2026-05-18,53,0,2,59147171.67862615,-1844789.8725349335,57302381.80609121,True,32.06173914937628,16,0,0,57302381.80609121,0.0,57302381.80609121,False,ANALYST-CALC,"Concurrent positions do not prove avoidable borrowing, transferability, or interest cost"
2026-05-19,53,0,2,57205707.56037291,-2156321.2758142566,55049386.284558654,True,26.529306278245226,16,0,0,55049386.284558654,0.0,55049386.284558654,False,ANALYST-CALC,"Concurrent positions do not prove avoidable borrowing, transferability, or interest cost"
2026-05-20,53,0,2,56369116.49415862,-2246927.060007226,54122189.434151396,True,25.087203540099487,15,0,1,54146130.744367614,-23941.310216221376,54122189.434151396,True,ANALYST-CALC,"Concurrent positions do not prove avoidable borrowing, transferability, or interest cost"
2026-05-21,53,0,2,57916789.97820558,-2344571.51261253,55572218.46559305,True,24.70250519834626,16,0,0,55572218.46559305,0.0,55572218.46559305,False,ANALYST-CALC,"Concurrent positions do not prove avoidable borrowing, transferability, or interest cost"
2026-05-22,53,0,2,59412461.21267579,-2071881.5292678154,57340579.68340797,True,28.67560735177345,16,0,0,57340579.68340797,0.0,57340579.68340797,False,ANALYST-CALC,"Concurrent positions do not prove avoidable borrowing, transferability, or interest cost"
2026-05-23,53,0,2,57936655.261541024,-1856554.3583479144,56080100.90319311,True,31.206549380593906,16,0,0,56080100.90319311,0.0,56080100.90319311,False,ANALYST-CALC,"Concurrent positions do not prove avoidable borrowing, transferability, or interest cost"
2026-05-24,53,0,2,57840387.53343633,-1929734.866101472,55910652.667334855,True,29.973230286442305,16,0,0,55910652.667334855,0.0,55910652.667334855,False,ANALYST-CALC,"Concurrent positions do not prove avoidable borrowing, transferability, or interest cost"
2026-05-25,53,0,2,55812557.83938078,-1945750.210662214,53866807.62871856,True,28.68433858238443,16,0,0,53866807.62871856,0.0,53866807.62871856,False,ANALYST-CALC,"Concurrent positions do not prove avoidable borrowing, transferability, or interest cost"
2026-05-26,53,0,2,56206941.53413236,-2079279.6021810381,54127661.93195132,True,27.031930422043622,15,0,1,54167164.463074915,-39502.53112359275,54127661.93195133,True,ANALYST-CALC,"Concurrent positions do not prove avoidable borrowing, transferability, or interest cost"
2026-05-27,53,0,2,57184530.584916905,-2262536.786416448,54921993.798500456,True,25.2745197020595,15,0,1,55112297.936777934,-190304.1382774695,54921993.798500456,True,ANALYST-CALC,"Concurrent positions do not prove avoidable borrowing, transferability, or interest cost"
2026-05-28,53,0,2,58340175.150494605,-2153629.6758488948,56186545.47464571,True,27.08923256617863,15,0,1,56227704.272132225,-41158.79748651734,56186545.47464571,True,ANALYST-CALC,"Concurrent positions do not prove avoidable borrowing, transferability, or interest cost"
2026-05-29,53,0,2,56455035.77322706,-2163660.121183061,54291375.65204399,True,26.092377088485684,16,0,0,54291375.652044,0.0,54291375.65204399,False,ANALYST-CALC,"Concurrent positions do not prove avoidable borrowing, transferability, or interest cost"
2026-05-30,52,1,2,59646709.46883469,-1837288.0630761792,57809421.405758515,True,32.464538722887006,16,0,0,57809421.405758515,0.0,57809421.40575851,False,ANALYST-CALC,"Concurrent positions do not prove avoidable borrowing, transferability, or interest cost"
2026-05-31,53,0,2,57708550.538901515,-1701852.2246447336,56006698.31425678,True,33.90926057105125,16,0,0,56006698.31425678,0.0,56006698.31425678,False,ANALYST-CALC,"Concurrent positions do not prove avoidable borrowing, transferability, or interest cost"
2026-06-01,53,0,2,57360542.70361879,-2142083.2945437585,55218459.40907502,True,26.77792355214459,15,0,1,55375759.35805561,-157299.94898057973,55218459.40907502,True,ANALYST-CALC,"Concurrent positions do not prove avoidable borrowing, transferability, or interest cost"
2026-06-02,53,0,2,57358617.031894125,-2078000.8134491914,55280616.218444936,True,27.602788536298416,16,0,0,55280616.21844493,0.0,55280616.218444936,False,ANALYST-CALC,"Concurrent positions do not prove avoidable borrowing, transferability, or interest cost"
2026-06-03,53,0,2,56940938.2592089,-2194858.000216961,54746080.25899194,True,25.942880247186977,15,0,1,54776629.04434577,-30548.785353832413,54746080.25899194,True,ANALYST-CALC,"Concurrent positions do not prove avoidable borrowing, transferability, or interest cost"
2026-06-04,53,0,2,57565256.67126329,-2126469.1125001577,55438787.55876313,True,27.07081722131481,16,0,0,55438787.55876313,0.0,55438787.55876313,False,ANALYST-CALC,"Concurrent positions do not prove avoidable borrowing, transferability, or interest cost"
2026-06-05,53,0,2,57430035.49392014,-2003096.2085171468,55426939.28540299,True,28.670632618507366,16,0,0,55426939.28540299,0.0,55426939.28540299,False,ANALYST-CALC,"Concurrent positions do not prove avoidable borrowing, transferability, or interest cost"
2026-06-06,53,0,2,58230350.42154756,-2048995.64347898,56181354.77806859,True,28.418972293507917,16,0,0,56181354.77806859,0.0,56181354.77806859,False,ANALYST-CALC,"Concurrent positions do not prove avoidable borrowing, transferability, or interest cost"
2026-06-07,53,0,2,58724489.450408705,-1851520.0196260787,56872969.43078262,True,31.716907636930834,16,0,0,56872969.43078263,0.0,56872969.43078262,False,ANALYST-CALC,"Concurrent positions do not prove avoidable borrowing, transferability, or interest cost"
2026-06-08,53,0,2,59221855.20068763,-1766639.5816971848,57455215.61899045,True,33.52231876509529,16,0,0,57455215.61899045,0.0,57455215.61899045,False,ANALYST-CALC,"Concurrent positions do not prove avoidable borrowing, transferability, or interest cost"
2026-06-09,53,0,2,56469659.37524046,-2262564.779068879,54207094.59617158,True,24.958250874248833,15,0,1,54393041.82491013,-185947.22873854334,54207094.59617158,True,ANALYST-CALC,"Concurrent positions do not prove avoidable borrowing, transferability, or interest cost"
2026-06-10,53,0,2,57156428.16983176,-2193810.41404783,54962617.75578393,True,26.053494779602058,16,0,0,54962617.75578392,0.0,54962617.75578393,False,ANALYST-CALC,"Concurrent positions do not prove avoidable borrowing, transferability, or interest cost"
2026-06-11,53,0,2,57332138.23859144,-2049392.168553214,55282746.07003822,True,27.975191433987742,16,0,0,55282746.07003822,0.0,55282746.07003823,False,ANALYST-CALC,"Concurrent positions do not prove avoidable borrowing, transferability, or interest cost"
2026-06-12,53,0,2,58907570.17556947,-2303232.687431027,56604337.488138445,True,25.57603949311505,16,0,0,56604337.48813844,0.0,56604337.488138445,False,ANALYST-CALC,"Concurrent positions do not prove avoidable borrowing, transferability, or interest cost"
2026-06-13,53,0,2,57015387.80640654,-1920354.4215975644,55095033.38480897,True,29.69003386311096,16,0,0,55095033.38480897,0.0,55095033.38480897,False,ANALYST-CALC,"Concurrent positions do not prove avoidable borrowing, transferability, or interest cost"
2026-06-14,53,0,2,57844361.20069605,-2003322.3867583903,55841038.81393766,True,28.874214945650852,15,0,1,55906687.256903425,-65648.44296576222,55841038.81393766,True,ANALYST-CALC,"Concurrent positions do not prove avoidable borrowing, transferability, or interest cost"
2026-06-15,53,0,2,56542414.477784805,-1916789.3330732705,54625625.14471153,True,29.49850226218023,16,0,0,54625625.14471154,0.0,54625625.14471153,False,ANALYST-CALC,"Concurrent positions do not prove avoidable borrowing, transferability, or interest cost"
2026-06-16,53,0,2,56735171.42393919,-2337814.506588129,54397356.91735106,True,24.268465810292223,14,0,2,54505584.26923126,-108227.35188019757,54397356.91735106,True,ANALYST-CALC,"Concurrent positions do not prove avoidable borrowing, transferability, or interest cost"
2026-06-17,53,0,2,56609873.38716243,-2170042.6037909416,54439830.783371486,True,26.08698708876415,15,0,1,54460417.12610103,-20586.34272953897,54439830.783371486,True,ANALYST-CALC,"Concurrent positions do not prove avoidable borrowing, transferability, or interest cost"
2026-06-18,53,0,2,59545235.4205627,-2239262.15823354,57305973.26232916,True,26.59145343997392,15,0,1,57350040.57013168,-44067.30780251886,57305973.26232916,True,ANALYST-CALC,"Concurrent positions do not prove avoidable borrowing, transferability, or interest cost"
2026-06-19,53,0,2,59939946.9915094,-1881071.045419177,58058875.94609023,True,31.864796992902736,16,0,0,58058875.94609022,0.0,58058875.94609023,False,ANALYST-CALC,"Concurrent positions do not prove avoidable borrowing, transferability, or interest cost"
2026-06-20,53,0,2,57498792.89778096,-1917000.0890700081,55581792.808710955,True,29.994152439333103,16,0,0,55581792.808710955,0.0,55581792.808710955,False,ANALYST-CALC,"Concurrent positions do not prove avoidable borrowing, transferability, or interest cost"
2026-06-21,53,0,2,58163015.88345886,-1719905.3270755345,56443110.55638332,True,33.81756830904011,16,0,0,56443110.55638333,0.0,56443110.55638333,False,ANALYST-CALC,"Concurrent positions do not prove avoidable borrowing, transferability, or interest cost"
2026-06-22,53,0,2,57059283.428601384,-1991564.5604464947,55067718.86815489,True,28.65048141638406,16,0,0,55067718.86815489,0.0,55067718.86815489,False,ANALYST-CALC,"Concurrent positions do not prove avoidable borrowing, transferability, or interest cost"
2026-06-23,53,0,2,57899073.3591472,-2284967.3059397526,55614106.05320745,True,25.33912551336689,15,0,1,55652860.98497823,-38754.93177078047,55614106.05320745,True,ANALYST-CALC,"Concurrent positions do not prove avoidable borrowing, transferability, or interest cost"
2026-06-24,53,0,2,57662480.97874892,-2233435.6949762264,55429045.28377269,True,25.817838010045193,16,0,0,55429045.28377269,0.0,55429045.28377269,False,ANALYST-CALC,"Concurrent positions do not prove avoidable borrowing, transferability, or interest cost"
2026-06-25,53,0,2,57447800.60878257,-2265777.077812882,55182023.53096969,True,25.354568713457017,16,0,0,55182023.53096969,0.0,55182023.53096969,False,ANALYST-CALC,"Concurrent positions do not prove avoidable borrowing, transferability, or interest cost"
2026-06-26,53,0,2,59728480.92137978,-1885613.7147504447,57842867.206629336,True,31.675883800667343,16,0,0,57842867.206629336,0.0,57842867.206629336,False,ANALYST-CALC,"Concurrent positions do not prove avoidable borrowing, transferability, or interest cost"
2026-06-27,53,0,2,59141147.25042537,-1744314.2680067327,57396832.982418634,True,33.905098602448106,16,0,0,57396832.98241864,0.0,57396832.982418634,False,ANALYST-CALC,"Concurrent positions do not prove avoidable borrowing, transferability, or interest cost"
2026-06-28,53,0,2,58676337.70419051,-1744221.1479075695,56932116.55628294,True,33.640423276934094,16,0,0,56932116.55628294,0.0,56932116.55628294,False,ANALYST-CALC,"Concurrent positions do not prove avoidable borrowing, transferability, or interest cost"
2026-06-29,53,0,2,59275062.04899762,-2131231.44890646,57143830.60009116,True,27.812587919257574,16,0,0,57143830.60009115,0.0,57143830.60009115,False,ANALYST-CALC,"Concurrent positions do not prove avoidable borrowing, transferability, or interest cost"
2026-06-30,53,0,2,57801215.46343073,-2138293.096116226,55662922.36731451,True,27.031474575873094,15,0,1,55781031.037987016,-118108.67067251028,55662922.36731451,True,ANALYST-CALC,"Concurrent positions do not prove avoidable borrowing, transferability, or interest cost"
