cost_requirement_id,cost_category,evidence_required,source_document_required,proposed_accountable_owner,timing_or_ramp_required,current_evidence_status,current_cost_status,model_use,envelope_role,model_version
CR01,"Software, licenses, and subscriptions","Vendor quote by module, user, volume, term, and currency",Executed quote or procurement-validated proposal,CIO / Procurement,One-time and recurring start dates; indexation and renewal,OPEN — actual cost not supplied,NOT AVAILABLE — no numeric cost populated,BLOCKED — do not calculate returns or decide funding until populated,"FY2026 initial-stage ceiling only; not a cost estimate, budget approval, spend authority, committed funding, or ROI denominator",W3-VALIDATION-CASE-v1 · 2026-08-18
CR02,Integration and data engineering,"Effort and rate by bank interface, three ERP environments, data quality remediation, testing, and legacy transition",Architecture estimate and supplier statement of work,CIO / Enterprise Architecture,Build profile by month and dependency,OPEN — actual cost not supplied,NOT AVAILABLE — no numeric cost populated,BLOCKED — do not calculate returns or decide funding until populated,"FY2026 initial-stage ceiling only; not a cost estimate, budget approval, spend authority, committed funding, or ROI denominator",W3-VALIDATION-CASE-v1 · 2026-08-18
CR03,"Cybersecurity, access, and control assurance","Design, segregation-of-duties, access, audit-trail, penetration, resilience, and control-testing effort",Cyber/control workplan and resourced estimate,CISO / Management control owner,"Pre-launch, launch, and recurring assurance",OPEN — actual cost not supplied,NOT AVAILABLE — no numeric cost populated,BLOCKED — do not calculate returns or decide funding until populated,"FY2026 initial-stage ceiling only; not a cost estimate, budget approval, spend authority, committed funding, or ROI denominator",W3-VALIDATION-CASE-v1 · 2026-08-18
CR04,"Pilot, testing, and program delivery","Internal and external team, environments, data preparation, PMO, quality assurance, and rollback rehearsal",Resource plan and approved rate card,Program sponsor / PMO,Pilot mobilization through exit decision,OPEN — actual cost not supplied,NOT AVAILABLE — no numeric cost populated,BLOCKED — do not calculate returns or decide funding until populated,"FY2026 initial-stage ceiling only; not a cost estimate, budget approval, spend authority, committed funding, or ROI denominator",W3-VALIDATION-CASE-v1 · 2026-08-18
CR05,"Change, training, and local adoption","Role-by-region training, communications, procedure changes, local validation, travel, and hypercare",Adoption plan and bottom-up resource estimate,Business change lead / Regional Finance,Cohort schedule and hypercare duration,OPEN — actual cost not supplied,NOT AVAILABLE — no numeric cost populated,BLOCKED — do not calculate returns or decide funding until populated,"FY2026 initial-stage ceiling only; not a cost estimate, budget approval, spend authority, committed funding, or ROI denominator",W3-VALIDATION-CASE-v1 · 2026-08-18
CR06,Internal capacity and backfill,"Named role effort, loaded rates, approved backfill, opportunity cost, and treatment of business-as-usual work",Approved staffing plan and Finance rate source,Functional owners / Finance,Monthly demand and release profile,OPEN — actual cost not supplied,NOT AVAILABLE — no numeric cost populated,BLOCKED — do not calculate returns or decide funding until populated,"FY2026 initial-stage ceiling only; not a cost estimate, budget approval, spend authority, committed funding, or ROI denominator",W3-VALIDATION-CASE-v1 · 2026-08-18
CR07,"Bank, account, transfer, tax, and FX costs","Actual bank tariffs, closure charges, transfer costs, tax leakage, FX effects, and local-market costs",Bank invoices/contracts and Legal/Tax assessment,Treasury / Tax / Procurement,By transaction/account and implementation wave,OPEN — actual cost not supplied,NOT AVAILABLE — no numeric cost populated,BLOCKED — do not calculate returns or decide funding until populated,"FY2026 initial-stage ceiling only; not a cost estimate, budget approval, spend authority, committed funding, or ROI denominator",W3-VALIDATION-CASE-v1 · 2026-08-18
CR08,"Run support, hosting, and service management","Support model, hosting, monitoring, incident response, service desk, data operations, and ongoing control operation",Target operating cost model and service agreements,CIO / Service owners,Steady-state annual run rate and ramp,OPEN — actual cost not supplied,NOT AVAILABLE — no numeric cost populated,BLOCKED — do not calculate returns or decide funding until populated,"FY2026 initial-stage ceiling only; not a cost estimate, budget approval, spend authority, committed funding, or ROI denominator",W3-VALIDATION-CASE-v1 · 2026-08-18
CR09,"Decommissioning, exit, and contingency","Legacy exit, dual running, data retention, contract termination, rollback, contingency basis, and range methodology","Exit plan, contracts, and risk-based estimate",CIO / Procurement / Finance,"Dual-run duration, exit date, and contingency release",OPEN — actual cost not supplied,NOT AVAILABLE — no numeric cost populated,BLOCKED — do not calculate returns or decide funding until populated,"FY2026 initial-stage ceiling only; not a cost estimate, budget approval, spend authority, committed funding, or ROI denominator",W3-VALIDATION-CASE-v1 · 2026-08-18
CR10,Cost and benefit timing model,"Low/base/high cost range, cash-flow timing, benefit start, ramp, persistence, attribution, discount rate, and horizon",Finance-approved integrated cost/value model,Finance,Monthly cash flow over the approved horizon,OPEN — actual cost not supplied,NOT AVAILABLE — no numeric cost populated,BLOCKED — do not calculate returns or decide funding until populated,"FY2026 initial-stage ceiling only; not a cost estimate, budget approval, spend authority, committed funding, or ROI denominator",W3-VALIDATION-CASE-v1 · 2026-08-18
