sample_order,case_control_pair_id,pair_sequence_within_cohort,sample_role,source_payment_id,paired_source_payment_id,priority_payment_cohort,issue_case_flag,issue_definition_hits,issue_mode,paired_issue_mode,issue_selection_rank,issue_mode_selection_rank,payment_date,month,account_id,entity_id,entity_name,region,country,bank_name,erp_system,purpose,visibility_method,payment_type,currency,amount_local,usd_per_unit,amount_usd,amount_band_usd,amount_band_order,cross_border_flag,cross_border_wire_flag,manual_touch_flag,exception_flag,late_release_flag,repair_minutes,fee_usd,status,payment_type_match,region_match,month_match,amount_band_match,match_deviation_count,match_deviation_detail,amount_band_distance,month_distance,absolute_amount_gap_usd,match_quality,selection_rule_version,sample_purpose,evidence_label,decision_boundary
1,C1-01,1,Issue case,P003682,P003826,Manual touch only,True,exception_flag; status_repaired,Exception/status,Exception/status,1,1,2026-02-26,2026-02,AC0003,E001,Aurelius Group Holdings,NA,United States,Meridian Commercial,Oracle-E1,Payroll,API,Internal transfer,USD,78061.26,1.0,78061.26,>$50k–$100k,4,False,False,True,True,False,74,16.5,Repaired,False,True,True,True,1,payment_type,0,0,637.67,Nearest available; deviations documented,W3-PAY-PILOT-v3 · 2026-08-18,Purposive root-cause case-control review; not a prevalence or benefit sample,ACG-DATA / ANALYST-CALC / ANALYST-JUDGMENT,"ANALYST-JUDGMENT pilot design only; supplied extracts only; not a representative sample, root-cause conclusion, execution authorization, or funded-benefit estimate."
2,C1-01,1,Non-issue control,P003826,P003682,Manual touch only,False,none,Non-issue control,Exception/status,0,0,2026-02-13,2026-02,AC0010,E003,Aurelius Wellness US,NA,United States,Union Atlantic,Oracle-E1,Operating,Spreadsheet,Payroll,USD,77423.59,1.0,77423.59,>$50k–$100k,4,False,False,True,False,False,0,1.5,Completed,False,True,True,True,1,payment_type,0,0,637.67,Nearest available; deviations documented,W3-PAY-PILOT-v3 · 2026-08-18,Purposive root-cause case-control review; not a prevalence or benefit sample,ACG-DATA / ANALYST-CALC / ANALYST-JUDGMENT,"ANALYST-JUDGMENT pilot design only; supplied extracts only; not a representative sample, root-cause conclusion, execution authorization, or funded-benefit estimate."
3,C1-02,2,Issue case,P004271,P002291,Manual touch only,True,exception_flag; status_repaired,Exception/status,Exception/status,2,2,2026-02-13,2026-02,AC0010,E003,Aurelius Wellness US,NA,United States,Union Atlantic,Oracle-E1,Operating,Spreadsheet,Payroll,USD,19951.42,1.0,19951.42,>$10k–$25k,2,False,False,True,True,False,74,16.5,Repaired,True,True,True,True,0,none,0,0,2797.64,Exact four-field match,W3-PAY-PILOT-v3 · 2026-08-18,Purposive root-cause case-control review; not a prevalence or benefit sample,ACG-DATA / ANALYST-CALC / ANALYST-JUDGMENT,"ANALYST-JUDGMENT pilot design only; supplied extracts only; not a representative sample, root-cause conclusion, execution authorization, or funded-benefit estimate."
4,C1-02,2,Non-issue control,P002291,P004271,Manual touch only,False,none,Non-issue control,Exception/status,0,0,2026-02-02,2026-02,AC0016,E004,Aurelius Canada,NA,Canada,Meridian Commercial,Oracle-E1,Payroll,Spreadsheet,Payroll,CAD,23252.65,0.73771288,17153.78,>$10k–$25k,2,False,False,True,False,False,0,1.5,Completed,True,True,True,True,0,none,0,0,2797.64,Exact four-field match,W3-PAY-PILOT-v3 · 2026-08-18,Purposive root-cause case-control review; not a prevalence or benefit sample,ACG-DATA / ANALYST-CALC / ANALYST-JUDGMENT,"ANALYST-JUDGMENT pilot design only; supplied extracts only; not a representative sample, root-cause conclusion, execution authorization, or funded-benefit estimate."
5,C1-03,3,Issue case,P003636,P005713,Manual touch only,True,exception_flag; status_repaired,Exception/status,Exception/status,3,3,2026-06-17,2026-06,AC0033,E009,Aurelius Spain,EMEA,Spain,Meridian Commercial,Legacy-D365,Payroll,Spreadsheet,Wire,EUR,4599.82,1.09279903,5026.68,≤$10k,1,False,False,True,True,False,74,34.5,Repaired,True,True,True,True,0,none,0,0,443.86,Exact four-field match,W3-PAY-PILOT-v3 · 2026-08-18,Purposive root-cause case-control review; not a prevalence or benefit sample,ACG-DATA / ANALYST-CALC / ANALYST-JUDGMENT,"ANALYST-JUDGMENT pilot design only; supplied extracts only; not a representative sample, root-cause conclusion, execution authorization, or funded-benefit estimate."
6,C1-03,3,Non-issue control,P005713,P003636,Manual touch only,False,none,Non-issue control,Exception/status,0,0,2026-06-04,2026-06,AC0031,E009,Aurelius Spain,EMEA,Spain,Meridian Commercial,Legacy-D365,Operating,Portal,Wire,USD,5470.54,1.0,5470.54,≤$10k,1,False,False,True,False,False,0,19.5,Completed,True,True,True,True,0,none,0,0,443.86,Exact four-field match,W3-PAY-PILOT-v3 · 2026-08-18,Purposive root-cause case-control review; not a prevalence or benefit sample,ACG-DATA / ANALYST-CALC / ANALYST-JUDGMENT,"ANALYST-JUDGMENT pilot design only; supplied extracts only; not a representative sample, root-cause conclusion, execution authorization, or funded-benefit estimate."
7,C1-04,4,Issue case,P006149,P003835,Manual touch only,True,exception_flag; status_repaired,Exception/status,Exception/status,4,4,2026-04-02,2026-04,AC0047,E014,Aurelius India,APAC,India,Meridian Commercial,Legacy-D365,Operating,Spreadsheet,Local transfer,INR,8335.51,0.0117676,98.09,≤$10k,1,False,False,True,True,False,74,16.5,Repaired,True,True,True,True,0,none,0,0,19.61,Exact four-field match,W3-PAY-PILOT-v3 · 2026-08-18,Purposive root-cause case-control review; not a prevalence or benefit sample,ACG-DATA / ANALYST-CALC / ANALYST-JUDGMENT,"ANALYST-JUDGMENT pilot design only; supplied extracts only; not a representative sample, root-cause conclusion, execution authorization, or funded-benefit estimate."
8,C1-04,4,Non-issue control,P003835,P006149,Manual touch only,False,none,Non-issue control,Exception/status,0,0,2026-04-15,2026-04,AC0047,E014,Aurelius India,APAC,India,Meridian Commercial,Legacy-D365,Operating,Spreadsheet,Local transfer,INR,6553.03,0.01197647,78.48,≤$10k,1,False,False,True,False,False,0,1.5,Completed,True,True,True,True,0,none,0,0,19.61,Exact four-field match,W3-PAY-PILOT-v3 · 2026-08-18,Purposive root-cause case-control review; not a prevalence or benefit sample,ACG-DATA / ANALYST-CALC / ANALYST-JUDGMENT,"ANALYST-JUDGMENT pilot design only; supplied extracts only; not a representative sample, root-cause conclusion, execution authorization, or funded-benefit estimate."
9,C1-05,5,Issue case,P005931,P006397,Manual touch only,True,exception_flag; status_repaired,Exception/status,Exception/status,5,5,2026-01-27,2026-01,AC0001,E001,Aurelius Group Holdings,NA,United States,Union Atlantic,Oracle-E1,Operating,Spreadsheet,Payroll,USD,23183.72,1.0,23183.72,>$10k–$25k,2,False,False,True,True,False,73,16.5,Repaired,False,True,True,True,1,payment_type,0,0,18.81,Nearest available; deviations documented,W3-PAY-PILOT-v3 · 2026-08-18,Purposive root-cause case-control review; not a prevalence or benefit sample,ACG-DATA / ANALYST-CALC / ANALYST-JUDGMENT,"ANALYST-JUDGMENT pilot design only; supplied extracts only; not a representative sample, root-cause conclusion, execution authorization, or funded-benefit estimate."
10,C1-05,5,Non-issue control,P006397,P005931,Manual touch only,False,none,Non-issue control,Exception/status,0,0,2026-01-20,2026-01,AC0015,E004,Aurelius Canada,NA,Canada,Pacific Crown,Oracle-E1,Collection,Spreadsheet,Local transfer,CAD,31168.9,0.7432058,23164.91,>$10k–$25k,2,False,False,True,False,False,0,1.5,Completed,False,True,True,True,1,payment_type,0,0,18.81,Nearest available; deviations documented,W3-PAY-PILOT-v3 · 2026-08-18,Purposive root-cause case-control review; not a prevalence or benefit sample,ACG-DATA / ANALYST-CALC / ANALYST-JUDGMENT,"ANALYST-JUDGMENT pilot design only; supplied extracts only; not a representative sample, root-cause conclusion, execution authorization, or funded-benefit estimate."
11,C1-06,6,Issue case,P005290,P007140,Manual touch only,True,exception_flag; status_rejected,Exception/status,Exception/status,6,6,2026-05-22,2026-05,AC0021,E006,Aurelius Germany,EMEA,Germany,Continental Trust,SAP-S4,Operating,Spreadsheet,ACH,EUR,5573.26,1.09104102,6080.66,≤$10k,1,False,False,True,True,False,73,16.5,Rejected,True,True,True,True,0,none,0,0,556.93,Exact four-field match,W3-PAY-PILOT-v3 · 2026-08-18,Purposive root-cause case-control review; not a prevalence or benefit sample,ACG-DATA / ANALYST-CALC / ANALYST-JUDGMENT,"ANALYST-JUDGMENT pilot design only; supplied extracts only; not a representative sample, root-cause conclusion, execution authorization, or funded-benefit estimate."
12,C1-06,6,Non-issue control,P007140,P005290,Manual touch only,False,none,Non-issue control,Exception/status,0,0,2026-05-08,2026-05,AC0017,E005,Aurelius UK,EMEA,United Kingdom,Union Atlantic,SAP-S4,Operating,Spreadsheet,ACH,GBP,4188.8,1.31869036,5523.73,≤$10k,1,False,False,True,False,False,0,1.5,Completed,True,True,True,True,0,none,0,0,556.93,Exact four-field match,W3-PAY-PILOT-v3 · 2026-08-18,Purposive root-cause case-control review; not a prevalence or benefit sample,ACG-DATA / ANALYST-CALC / ANALYST-JUDGMENT,"ANALYST-JUDGMENT pilot design only; supplied extracts only; not a representative sample, root-cause conclusion, execution authorization, or funded-benefit estimate."
13,C1-07,7,Issue case,P002774,P001441,Manual touch only,True,exception_flag; status_repaired,Exception/status,Exception/status,7,7,2026-04-01,2026-04,AC0017,E005,Aurelius UK,EMEA,United Kingdom,Union Atlantic,SAP-S4,Operating,Spreadsheet,Local transfer,GBP,47606.51,1.29676032,61734.23,>$50k–$100k,4,False,False,True,True,False,72,16.5,Repaired,True,True,True,True,0,none,0,0,5512.42,Exact four-field match,W3-PAY-PILOT-v3 · 2026-08-18,Purposive root-cause case-control review; not a prevalence or benefit sample,ACG-DATA / ANALYST-CALC / ANALYST-JUDGMENT,"ANALYST-JUDGMENT pilot design only; supplied extracts only; not a representative sample, root-cause conclusion, execution authorization, or funded-benefit estimate."
14,C1-07,7,Non-issue control,P001441,P002774,Manual touch only,False,none,Non-issue control,Exception/status,0,0,2026-04-16,2026-04,AC0030,E008,Aurelius Netherlands,EMEA,Netherlands,Pacific Crown,SAP-S4,Payroll,API,Local transfer,USD,67246.65,1.0,67246.65,>$50k–$100k,4,False,False,True,False,False,0,1.5,Completed,True,True,True,True,0,none,0,0,5512.42,Exact four-field match,W3-PAY-PILOT-v3 · 2026-08-18,Purposive root-cause case-control review; not a prevalence or benefit sample,ACG-DATA / ANALYST-CALC / ANALYST-JUDGMENT,"ANALYST-JUDGMENT pilot design only; supplied extracts only; not a representative sample, root-cause conclusion, execution authorization, or funded-benefit estimate."
15,C1-08,8,Issue case,P001532,P006427,Manual touch only,True,exception_flag; status_repaired,Exception/status,Exception/status,8,8,2026-02-04,2026-02,AC0010,E003,Aurelius Wellness US,NA,United States,Union Atlantic,Oracle-E1,Operating,Spreadsheet,ACH,USD,21981.1,1.0,21981.1,>$10k–$25k,2,False,False,True,True,False,72,16.5,Repaired,True,True,True,True,0,none,0,0,3089.09,Exact four-field match,W3-PAY-PILOT-v3 · 2026-08-18,Purposive root-cause case-control review; not a prevalence or benefit sample,ACG-DATA / ANALYST-CALC / ANALYST-JUDGMENT,"ANALYST-JUDGMENT pilot design only; supplied extracts only; not a representative sample, root-cause conclusion, execution authorization, or funded-benefit estimate."
16,C1-08,8,Non-issue control,P006427,P001532,Manual touch only,False,none,Non-issue control,Exception/status,0,0,2026-02-20,2026-02,AC0010,E003,Aurelius Wellness US,NA,United States,Union Atlantic,Oracle-E1,Operating,Spreadsheet,ACH,USD,18892.01,1.0,18892.01,>$10k–$25k,2,False,False,True,False,False,0,1.5,Completed,True,True,True,True,0,none,0,0,3089.09,Exact four-field match,W3-PAY-PILOT-v3 · 2026-08-18,Purposive root-cause case-control review; not a prevalence or benefit sample,ACG-DATA / ANALYST-CALC / ANALYST-JUDGMENT,"ANALYST-JUDGMENT pilot design only; supplied extracts only; not a representative sample, root-cause conclusion, execution authorization, or funded-benefit estimate."
17,C1-09,9,Issue case,P000636,P002237,Manual touch only,True,late_release_flag,Late-only,Late-only,9,1,2026-05-05,2026-05,AC0017,E005,Aurelius UK,EMEA,United Kingdom,Union Atlantic,SAP-S4,Operating,Spreadsheet,Payroll,GBP,262583.42,1.31665971,345733.01,>$100k,5,False,False,True,False,True,0,1.5,Completed,True,True,True,True,0,none,0,0,212649.9,Exact four-field match,W3-PAY-PILOT-v3 · 2026-08-18,Purposive root-cause case-control review; not a prevalence or benefit sample,ACG-DATA / ANALYST-CALC / ANALYST-JUDGMENT,"ANALYST-JUDGMENT pilot design only; supplied extracts only; not a representative sample, root-cause conclusion, execution authorization, or funded-benefit estimate."
18,C1-09,9,Non-issue control,P002237,P000636,Manual touch only,False,none,Non-issue control,Late-only,0,0,2026-05-04,2026-05,AC0021,E006,Aurelius Germany,EMEA,Germany,Continental Trust,SAP-S4,Operating,Spreadsheet,Payroll,EUR,120059.0,1.1084809,133083.11,>$100k,5,False,False,True,False,False,0,1.5,Completed,True,True,True,True,0,none,0,0,212649.9,Exact four-field match,W3-PAY-PILOT-v3 · 2026-08-18,Purposive root-cause case-control review; not a prevalence or benefit sample,ACG-DATA / ANALYST-CALC / ANALYST-JUDGMENT,"ANALYST-JUDGMENT pilot design only; supplied extracts only; not a representative sample, root-cause conclusion, execution authorization, or funded-benefit estimate."
19,C1-10,10,Issue case,P005610,P001206,Manual touch only,True,late_release_flag,Late-only,Late-only,10,2,2026-05-19,2026-05,AC0031,E009,Aurelius Spain,EMEA,Spain,Meridian Commercial,Legacy-D365,Operating,Portal,Local transfer,USD,166161.73,1.0,166161.73,>$100k,5,False,False,True,False,True,0,1.5,Completed,True,True,True,True,0,none,0,0,105735.1,Exact four-field match,W3-PAY-PILOT-v3 · 2026-08-18,Purposive root-cause case-control review; not a prevalence or benefit sample,ACG-DATA / ANALYST-CALC / ANALYST-JUDGMENT,"ANALYST-JUDGMENT pilot design only; supplied extracts only; not a representative sample, root-cause conclusion, execution authorization, or funded-benefit estimate."
20,C1-10,10,Non-issue control,P001206,P005610,Manual touch only,False,none,Non-issue control,Late-only,0,0,2026-05-12,2026-05,AC0021,E006,Aurelius Germany,EMEA,Germany,Continental Trust,SAP-S4,Operating,Spreadsheet,Local transfer,EUR,246850.18,1.101465,271896.83,>$100k,5,False,False,True,False,False,0,1.5,Completed,True,True,True,True,0,none,0,0,105735.1,Exact four-field match,W3-PAY-PILOT-v3 · 2026-08-18,Purposive root-cause case-control review; not a prevalence or benefit sample,ACG-DATA / ANALYST-CALC / ANALYST-JUDGMENT,"ANALYST-JUDGMENT pilot design only; supplied extracts only; not a representative sample, root-cause conclusion, execution authorization, or funded-benefit estimate."
21,C1-11,11,Issue case,P001107,P006967,Manual touch only,True,late_release_flag,Late-only,Late-only,11,3,2026-04-03,2026-04,AC0017,E005,Aurelius UK,EMEA,United Kingdom,Union Atlantic,SAP-S4,Operating,Spreadsheet,Tax,GBP,101641.07,1.30724466,132869.75,>$100k,5,False,False,True,False,True,0,1.5,Completed,False,True,True,True,1,payment_type,0,0,2260.21,Nearest available; deviations documented,W3-PAY-PILOT-v3 · 2026-08-18,Purposive root-cause case-control review; not a prevalence or benefit sample,ACG-DATA / ANALYST-CALC / ANALYST-JUDGMENT,"ANALYST-JUDGMENT pilot design only; supplied extracts only; not a representative sample, root-cause conclusion, execution authorization, or funded-benefit estimate."
22,C1-11,11,Non-issue control,P006967,P001107,Manual touch only,False,none,Non-issue control,Late-only,0,0,2026-04-01,2026-04,AC0031,E009,Aurelius Spain,EMEA,Spain,Meridian Commercial,Legacy-D365,Operating,Portal,Local transfer,USD,135129.96,1.0,135129.96,>$100k,5,False,False,True,False,False,0,1.5,Completed,False,True,True,True,1,payment_type,0,0,2260.21,Nearest available; deviations documented,W3-PAY-PILOT-v3 · 2026-08-18,Purposive root-cause case-control review; not a prevalence or benefit sample,ACG-DATA / ANALYST-CALC / ANALYST-JUDGMENT,"ANALYST-JUDGMENT pilot design only; supplied extracts only; not a representative sample, root-cause conclusion, execution authorization, or funded-benefit estimate."
23,C1-12,12,Issue case,P005259,P005198,Manual touch only,True,late_release_flag,Late-only,Late-only,12,4,2026-02-13,2026-02,AC0049,E014,Aurelius India,APAC,India,Pacific Crown,Legacy-D365,Payroll,API,Local transfer,USD,119568.33,1.0,119568.33,>$100k,5,False,False,True,False,True,0,1.5,Completed,True,False,True,True,1,region,0,0,514.27,Nearest available; deviations documented,W3-PAY-PILOT-v3 · 2026-08-18,Purposive root-cause case-control review; not a prevalence or benefit sample,ACG-DATA / ANALYST-CALC / ANALYST-JUDGMENT,"ANALYST-JUDGMENT pilot design only; supplied extracts only; not a representative sample, root-cause conclusion, execution authorization, or funded-benefit estimate."
24,C1-12,12,Non-issue control,P005198,P005259,Manual touch only,False,none,Non-issue control,Late-only,0,0,2026-02-10,2026-02,AC0013,E003,Aurelius Wellness US,NA,United States,Union Atlantic,Oracle-E1,Tax,Host-to-host,Local transfer,USD,120082.6,1.0,120082.6,>$100k,5,False,False,True,False,False,0,1.5,Completed,True,False,True,True,1,region,0,0,514.27,Nearest available; deviations documented,W3-PAY-PILOT-v3 · 2026-08-18,Purposive root-cause case-control review; not a prevalence or benefit sample,ACG-DATA / ANALYST-CALC / ANALYST-JUDGMENT,"ANALYST-JUDGMENT pilot design only; supplied extracts only; not a representative sample, root-cause conclusion, execution authorization, or funded-benefit estimate."
25,C1-13,13,Issue case,P006654,P006386,Manual touch only,True,late_release_flag,Late-only,Late-only,13,5,2026-01-26,2026-01,AC0002,E001,Aurelius Group Holdings,NA,United States,Pacific Crown,Oracle-E1,Collection,Portal,Payroll,USD,107196.05,1.0,107196.05,>$100k,5,False,False,True,False,True,0,1.5,Completed,True,True,True,True,0,none,0,0,46179.45,Exact four-field match,W3-PAY-PILOT-v3 · 2026-08-18,Purposive root-cause case-control review; not a prevalence or benefit sample,ACG-DATA / ANALYST-CALC / ANALYST-JUDGMENT,"ANALYST-JUDGMENT pilot design only; supplied extracts only; not a representative sample, root-cause conclusion, execution authorization, or funded-benefit estimate."
26,C1-13,13,Non-issue control,P006386,P006654,Manual touch only,False,none,Non-issue control,Late-only,0,0,2026-01-01,2026-01,AC0010,E003,Aurelius Wellness US,NA,United States,Union Atlantic,Oracle-E1,Operating,Spreadsheet,Payroll,USD,153375.5,1.0,153375.5,>$100k,5,False,False,True,False,False,0,1.5,Completed,True,True,True,True,0,none,0,0,46179.45,Exact four-field match,W3-PAY-PILOT-v3 · 2026-08-18,Purposive root-cause case-control review; not a prevalence or benefit sample,ACG-DATA / ANALYST-CALC / ANALYST-JUDGMENT,"ANALYST-JUDGMENT pilot design only; supplied extracts only; not a representative sample, root-cause conclusion, execution authorization, or funded-benefit estimate."
27,C1-14,14,Issue case,P005492,P007353,Manual touch only,True,late_release_flag,Late-only,Late-only,14,6,2026-02-03,2026-02,AC0025,E007,Aurelius France,EMEA,France,Meridian Commercial,SAP-S4,Operating,Spreadsheet,Tax,EUR,95509.1,1.10976073,105992.25,>$100k,5,False,False,True,False,True,0,1.5,Completed,True,True,True,True,0,none,0,0,31728.36,Exact four-field match,W3-PAY-PILOT-v3 · 2026-08-18,Purposive root-cause case-control review; not a prevalence or benefit sample,ACG-DATA / ANALYST-CALC / ANALYST-JUDGMENT,"ANALYST-JUDGMENT pilot design only; supplied extracts only; not a representative sample, root-cause conclusion, execution authorization, or funded-benefit estimate."
28,C1-14,14,Non-issue control,P007353,P005492,Manual touch only,False,none,Non-issue control,Late-only,0,0,2026-02-16,2026-02,AC0031,E009,Aurelius Spain,EMEA,Spain,Meridian Commercial,Legacy-D365,Operating,Portal,Tax,USD,137720.61,1.0,137720.61,>$100k,5,False,False,True,False,False,0,1.5,Completed,True,True,True,True,0,none,0,0,31728.36,Exact four-field match,W3-PAY-PILOT-v3 · 2026-08-18,Purposive root-cause case-control review; not a prevalence or benefit sample,ACG-DATA / ANALYST-CALC / ANALYST-JUDGMENT,"ANALYST-JUDGMENT pilot design only; supplied extracts only; not a representative sample, root-cause conclusion, execution authorization, or funded-benefit estimate."
29,C1-15,15,Issue case,P000890,P000524,Manual touch only,True,late_release_flag,Late-only,Late-only,15,7,2026-06-22,2026-06,AC0031,E009,Aurelius Spain,EMEA,Spain,Meridian Commercial,Legacy-D365,Operating,Portal,ACH,USD,101290.42,1.0,101290.42,>$100k,5,False,False,True,False,True,0,1.5,Completed,True,True,True,True,0,none,0,0,830.75,Exact four-field match,W3-PAY-PILOT-v3 · 2026-08-18,Purposive root-cause case-control review; not a prevalence or benefit sample,ACG-DATA / ANALYST-CALC / ANALYST-JUDGMENT,"ANALYST-JUDGMENT pilot design only; supplied extracts only; not a representative sample, root-cause conclusion, execution authorization, or funded-benefit estimate."
30,C1-15,15,Non-issue control,P000524,P000890,Manual touch only,False,none,Non-issue control,Late-only,0,0,2026-06-12,2026-06,AC0017,E005,Aurelius UK,EMEA,United Kingdom,Union Atlantic,SAP-S4,Operating,Spreadsheet,ACH,GBP,75507.29,1.33046319,100459.67,>$100k,5,False,False,True,False,False,0,1.5,Completed,True,True,True,True,0,none,0,0,830.75,Exact four-field match,W3-PAY-PILOT-v3 · 2026-08-18,Purposive root-cause case-control review; not a prevalence or benefit sample,ACG-DATA / ANALYST-CALC / ANALYST-JUDGMENT,"ANALYST-JUDGMENT pilot design only; supplied extracts only; not a representative sample, root-cause conclusion, execution authorization, or funded-benefit estimate."
31,C2-01,1,Issue case,P003278,P004575,Manual touch + cross-border wire,True,exception_flag; status_rejected,Exception/status,Exception/status,1,1,2026-04-09,2026-04,AC0025,E007,Aurelius France,EMEA,France,Meridian Commercial,SAP-S4,Operating,Spreadsheet,Wire,EUR,14222.79,1.10449337,15708.98,>$10k–$25k,2,True,True,True,True,False,74,58.5,Rejected,True,True,True,True,0,none,0,0,1573.95,Exact four-field match,W3-PAY-PILOT-v3 · 2026-08-18,Purposive root-cause case-control review; not a prevalence or benefit sample,ACG-DATA / ANALYST-CALC / ANALYST-JUDGMENT,"ANALYST-JUDGMENT pilot design only; supplied extracts only; not a representative sample, root-cause conclusion, execution authorization, or funded-benefit estimate."
32,C2-01,1,Non-issue control,P004575,P003278,Manual touch + cross-border wire,False,none,Non-issue control,Exception/status,0,0,2026-04-02,2026-04,AC0021,E006,Aurelius Germany,EMEA,Germany,Continental Trust,SAP-S4,Operating,Spreadsheet,Wire,EUR,12755.83,1.10812259,14135.02,>$10k–$25k,2,True,True,True,False,False,0,43.5,Completed,True,True,True,True,0,none,0,0,1573.95,Exact four-field match,W3-PAY-PILOT-v3 · 2026-08-18,Purposive root-cause case-control review; not a prevalence or benefit sample,ACG-DATA / ANALYST-CALC / ANALYST-JUDGMENT,"ANALYST-JUDGMENT pilot design only; supplied extracts only; not a representative sample, root-cause conclusion, execution authorization, or funded-benefit estimate."
33,C2-02,2,Issue case,P004174,P003443,Manual touch + cross-border wire,True,exception_flag; status_repaired,Exception/status,Exception/status,2,2,2026-02-13,2026-02,AC0044,E013,Aurelius Korea,APAC,South Korea,Northbridge Bank,Legacy-D365,Operating,Host-to-host,Wire,KRW,35130.41,0.0007441,26.14,≤$10k,1,True,True,True,True,False,74,58.5,Repaired,True,True,True,True,0,none,0,0,11.77,Exact four-field match,W3-PAY-PILOT-v3 · 2026-08-18,Purposive root-cause case-control review; not a prevalence or benefit sample,ACG-DATA / ANALYST-CALC / ANALYST-JUDGMENT,"ANALYST-JUDGMENT pilot design only; supplied extracts only; not a representative sample, root-cause conclusion, execution authorization, or funded-benefit estimate."
34,C2-02,2,Non-issue control,P003443,P004174,Manual touch + cross-border wire,False,none,Non-issue control,Exception/status,0,0,2026-02-10,2026-02,AC0041,E012,Aurelius Japan,APAC,Japan,Continental Trust,Legacy-D365,Operating,Host-to-host,Wire,JPY,2111.7,0.00680691,14.37,≤$10k,1,True,True,True,False,False,0,43.5,Completed,True,True,True,True,0,none,0,0,11.77,Exact four-field match,W3-PAY-PILOT-v3 · 2026-08-18,Purposive root-cause case-control review; not a prevalence or benefit sample,ACG-DATA / ANALYST-CALC / ANALYST-JUDGMENT,"ANALYST-JUDGMENT pilot design only; supplied extracts only; not a representative sample, root-cause conclusion, execution authorization, or funded-benefit estimate."
35,C2-03,3,Issue case,P006744,P000343,Manual touch + cross-border wire,True,exception_flag; status_repaired,Exception/status,Exception/status,3,3,2026-05-08,2026-05,AC0017,E005,Aurelius UK,EMEA,United Kingdom,Union Atlantic,SAP-S4,Operating,Spreadsheet,Wire,GBP,16336.14,1.31869036,21542.31,>$10k–$25k,2,True,True,True,True,False,73,58.5,Repaired,True,True,True,True,0,none,0,0,380.2,Exact four-field match,W3-PAY-PILOT-v3 · 2026-08-18,Purposive root-cause case-control review; not a prevalence or benefit sample,ACG-DATA / ANALYST-CALC / ANALYST-JUDGMENT,"ANALYST-JUDGMENT pilot design only; supplied extracts only; not a representative sample, root-cause conclusion, execution authorization, or funded-benefit estimate."
36,C2-03,3,Non-issue control,P000343,P006744,Manual touch + cross-border wire,False,none,Non-issue control,Exception/status,0,0,2026-05-08,2026-05,AC0022,E006,Aurelius Germany,EMEA,Germany,Meridian Commercial,SAP-S4,Collection,Portal,Wire,EUR,19939.42,1.09945566,21922.51,>$10k–$25k,2,True,True,True,False,False,0,43.5,Completed,True,True,True,True,0,none,0,0,380.2,Exact four-field match,W3-PAY-PILOT-v3 · 2026-08-18,Purposive root-cause case-control review; not a prevalence or benefit sample,ACG-DATA / ANALYST-CALC / ANALYST-JUDGMENT,"ANALYST-JUDGMENT pilot design only; supplied extracts only; not a representative sample, root-cause conclusion, execution authorization, or funded-benefit estimate."
37,C2-04,4,Issue case,P006626,P006231,Manual touch + cross-border wire,True,exception_flag; status_repaired,Exception/status,Exception/status,4,4,2026-03-11,2026-03,AC0041,E012,Aurelius Japan,APAC,Japan,Continental Trust,Legacy-D365,Operating,Host-to-host,Wire,JPY,53283.29,0.00678189,361.36,≤$10k,1,True,True,True,True,False,72,58.5,Repaired,True,True,True,True,0,none,0,0,208.99,Exact four-field match,W3-PAY-PILOT-v3 · 2026-08-18,Purposive root-cause case-control review; not a prevalence or benefit sample,ACG-DATA / ANALYST-CALC / ANALYST-JUDGMENT,"ANALYST-JUDGMENT pilot design only; supplied extracts only; not a representative sample, root-cause conclusion, execution authorization, or funded-benefit estimate."
38,C2-04,4,Non-issue control,P006231,P006626,Manual touch + cross-border wire,False,none,Non-issue control,Exception/status,0,0,2026-03-26,2026-03,AC0041,E012,Aurelius Japan,APAC,Japan,Continental Trust,Legacy-D365,Operating,Host-to-host,Wire,JPY,22377.92,0.00680906,152.37,≤$10k,1,True,True,True,False,False,0,43.5,Completed,True,True,True,True,0,none,0,0,208.99,Exact four-field match,W3-PAY-PILOT-v3 · 2026-08-18,Purposive root-cause case-control review; not a prevalence or benefit sample,ACG-DATA / ANALYST-CALC / ANALYST-JUDGMENT,"ANALYST-JUDGMENT pilot design only; supplied extracts only; not a representative sample, root-cause conclusion, execution authorization, or funded-benefit estimate."
39,C2-05,5,Issue case,P003604,P005532,Manual touch + cross-border wire,True,exception_flag; status_repaired,Exception/status,Exception/status,5,5,2026-05-27,2026-05,AC0010,E003,Aurelius Wellness US,NA,United States,Union Atlantic,Oracle-E1,Operating,Spreadsheet,Wire,USD,17348.37,1.0,17348.37,>$10k–$25k,2,True,True,True,True,False,70,58.5,Repaired,True,True,True,True,0,none,0,0,784.12,Exact four-field match,W3-PAY-PILOT-v3 · 2026-08-18,Purposive root-cause case-control review; not a prevalence or benefit sample,ACG-DATA / ANALYST-CALC / ANALYST-JUDGMENT,"ANALYST-JUDGMENT pilot design only; supplied extracts only; not a representative sample, root-cause conclusion, execution authorization, or funded-benefit estimate."
40,C2-05,5,Non-issue control,P005532,P003604,Manual touch + cross-border wire,False,none,Non-issue control,Exception/status,0,0,2026-05-07,2026-05,AC0014,E004,Aurelius Canada,NA,Canada,Union Atlantic,Oracle-E1,Operating,API,Wire,CAD,24633.58,0.73608847,18132.49,>$10k–$25k,2,True,True,True,False,False,0,43.5,Completed,True,True,True,True,0,none,0,0,784.12,Exact four-field match,W3-PAY-PILOT-v3 · 2026-08-18,Purposive root-cause case-control review; not a prevalence or benefit sample,ACG-DATA / ANALYST-CALC / ANALYST-JUDGMENT,"ANALYST-JUDGMENT pilot design only; supplied extracts only; not a representative sample, root-cause conclusion, execution authorization, or funded-benefit estimate."
41,C2-06,6,Issue case,P001380,P005706,Manual touch + cross-border wire,True,exception_flag; status_rejected,Exception/status,Exception/status,6,6,2026-05-12,2026-05,AC0022,E006,Aurelius Germany,EMEA,Germany,Meridian Commercial,SAP-S4,Collection,Portal,Wire,EUR,17326.2,1.101465,19084.2,>$10k–$25k,2,True,True,True,True,False,66,58.5,Rejected,True,True,True,True,0,none,0,0,1126.75,Exact four-field match,W3-PAY-PILOT-v3 · 2026-08-18,Purposive root-cause case-control review; not a prevalence or benefit sample,ACG-DATA / ANALYST-CALC / ANALYST-JUDGMENT,"ANALYST-JUDGMENT pilot design only; supplied extracts only; not a representative sample, root-cause conclusion, execution authorization, or funded-benefit estimate."
42,C2-06,6,Non-issue control,P005706,P001380,Manual touch + cross-border wire,False,none,Non-issue control,Exception/status,0,0,2026-05-19,2026-05,AC0021,E006,Aurelius Germany,EMEA,Germany,Continental Trust,SAP-S4,Operating,Spreadsheet,Wire,EUR,16457.52,1.09113947,17957.45,>$10k–$25k,2,True,True,True,False,False,0,43.5,Completed,True,True,True,True,0,none,0,0,1126.75,Exact four-field match,W3-PAY-PILOT-v3 · 2026-08-18,Purposive root-cause case-control review; not a prevalence or benefit sample,ACG-DATA / ANALYST-CALC / ANALYST-JUDGMENT,"ANALYST-JUDGMENT pilot design only; supplied extracts only; not a representative sample, root-cause conclusion, execution authorization, or funded-benefit estimate."
43,C2-07,7,Issue case,P001634,P002409,Manual touch + cross-border wire,True,exception_flag; status_repaired,Exception/status,Exception/status,7,7,2026-02-03,2026-02,AC0034,E010,Aurelius Singapore,APAC,Singapore,Continental Trust,SAP-S4,Operating,Spreadsheet,Wire,USD,8408.8,1.0,8408.8,≤$10k,1,True,True,True,True,False,66,58.5,Repaired,True,True,True,True,0,none,0,0,1805.4,Exact four-field match,W3-PAY-PILOT-v3 · 2026-08-18,Purposive root-cause case-control review; not a prevalence or benefit sample,ACG-DATA / ANALYST-CALC / ANALYST-JUDGMENT,"ANALYST-JUDGMENT pilot design only; supplied extracts only; not a representative sample, root-cause conclusion, execution authorization, or funded-benefit estimate."
44,C2-07,7,Non-issue control,P002409,P001634,Manual touch + cross-border wire,False,none,Non-issue control,Exception/status,0,0,2026-02-10,2026-02,AC0042,E012,Aurelius Japan,APAC,Japan,Union Atlantic,Legacy-D365,Collection,Host-to-host,Wire,USD,6603.4,1.0,6603.4,≤$10k,1,True,True,True,False,False,0,43.5,Completed,True,True,True,True,0,none,0,0,1805.4,Exact four-field match,W3-PAY-PILOT-v3 · 2026-08-18,Purposive root-cause case-control review; not a prevalence or benefit sample,ACG-DATA / ANALYST-CALC / ANALYST-JUDGMENT,"ANALYST-JUDGMENT pilot design only; supplied extracts only; not a representative sample, root-cause conclusion, execution authorization, or funded-benefit estimate."
45,C2-08,8,Issue case,P002719,P006614,Manual touch + cross-border wire,True,exception_flag; status_repaired,Exception/status,Exception/status,8,8,2026-06-18,2026-06,AC0001,E001,Aurelius Group Holdings,NA,United States,Union Atlantic,Oracle-E1,Operating,Spreadsheet,Wire,USD,8397.95,1.0,8397.95,≤$10k,1,True,True,True,True,False,66,58.5,Repaired,True,True,True,True,0,none,0,0,3828.32,Exact four-field match,W3-PAY-PILOT-v3 · 2026-08-18,Purposive root-cause case-control review; not a prevalence or benefit sample,ACG-DATA / ANALYST-CALC / ANALYST-JUDGMENT,"ANALYST-JUDGMENT pilot design only; supplied extracts only; not a representative sample, root-cause conclusion, execution authorization, or funded-benefit estimate."
46,C2-08,8,Non-issue control,P006614,P002719,Manual touch + cross-border wire,False,none,Non-issue control,Exception/status,0,0,2026-06-03,2026-06,AC0001,E001,Aurelius Group Holdings,NA,United States,Union Atlantic,Oracle-E1,Operating,Spreadsheet,Wire,USD,4569.63,1.0,4569.63,≤$10k,1,True,True,True,False,False,0,43.5,Completed,True,True,True,True,0,none,0,0,3828.32,Exact four-field match,W3-PAY-PILOT-v3 · 2026-08-18,Purposive root-cause case-control review; not a prevalence or benefit sample,ACG-DATA / ANALYST-CALC / ANALYST-JUDGMENT,"ANALYST-JUDGMENT pilot design only; supplied extracts only; not a representative sample, root-cause conclusion, execution authorization, or funded-benefit estimate."
47,C2-09,9,Issue case,P001249,P001508,Manual touch + cross-border wire,True,late_release_flag,Late-only,Late-only,9,1,2026-04-06,2026-04,AC0034,E010,Aurelius Singapore,APAC,Singapore,Continental Trust,SAP-S4,Operating,Spreadsheet,Wire,USD,104964.22,1.0,104964.22,>$100k,5,True,True,True,False,True,0,43.5,Completed,True,True,False,True,1,month,0,2,66533.26,Nearest available; deviations documented,W3-PAY-PILOT-v3 · 2026-08-18,Purposive root-cause case-control review; not a prevalence or benefit sample,ACG-DATA / ANALYST-CALC / ANALYST-JUDGMENT,"ANALYST-JUDGMENT pilot design only; supplied extracts only; not a representative sample, root-cause conclusion, execution authorization, or funded-benefit estimate."
48,C2-09,9,Non-issue control,P001508,P001249,Manual touch + cross-border wire,False,none,Non-issue control,Late-only,0,0,2026-06-19,2026-06,AC0036,E010,Aurelius Singapore,APAC,Singapore,Continental Trust,SAP-S4,Payroll,Host-to-host,Wire,SGD,233997.96,0.73290161,171497.48,>$100k,5,True,True,True,False,False,0,43.5,Completed,True,True,False,True,1,month,0,2,66533.26,Nearest available; deviations documented,W3-PAY-PILOT-v3 · 2026-08-18,Purposive root-cause case-control review; not a prevalence or benefit sample,ACG-DATA / ANALYST-CALC / ANALYST-JUDGMENT,"ANALYST-JUDGMENT pilot design only; supplied extracts only; not a representative sample, root-cause conclusion, execution authorization, or funded-benefit estimate."
49,C2-10,10,Issue case,P006132,P004225,Manual touch + cross-border wire,True,late_release_flag,Late-only,Late-only,10,2,2026-06-09,2026-06,AC0017,E005,Aurelius UK,EMEA,United Kingdom,Union Atlantic,SAP-S4,Operating,Spreadsheet,Wire,GBP,68606.12,1.33030904,91267.34,>$50k–$100k,4,True,True,True,False,True,0,43.5,Completed,True,True,True,True,0,none,0,0,2258.19,Exact four-field match,W3-PAY-PILOT-v3 · 2026-08-18,Purposive root-cause case-control review; not a prevalence or benefit sample,ACG-DATA / ANALYST-CALC / ANALYST-JUDGMENT,"ANALYST-JUDGMENT pilot design only; supplied extracts only; not a representative sample, root-cause conclusion, execution authorization, or funded-benefit estimate."
50,C2-10,10,Non-issue control,P004225,P006132,Manual touch + cross-border wire,False,none,Non-issue control,Late-only,0,0,2026-06-24,2026-06,AC0017,E005,Aurelius UK,EMEA,United Kingdom,Union Atlantic,SAP-S4,Operating,Spreadsheet,Wire,GBP,66584.59,1.3367831,89009.15,>$50k–$100k,4,True,True,True,False,False,0,43.5,Completed,True,True,True,True,0,none,0,0,2258.19,Exact four-field match,W3-PAY-PILOT-v3 · 2026-08-18,Purposive root-cause case-control review; not a prevalence or benefit sample,ACG-DATA / ANALYST-CALC / ANALYST-JUDGMENT,"ANALYST-JUDGMENT pilot design only; supplied extracts only; not a representative sample, root-cause conclusion, execution authorization, or funded-benefit estimate."
51,C2-11,11,Issue case,P001556,P001342,Manual touch + cross-border wire,True,late_release_flag,Late-only,Late-only,11,3,2026-03-03,2026-03,AC0034,E010,Aurelius Singapore,APAC,Singapore,Continental Trust,SAP-S4,Operating,Spreadsheet,Wire,USD,50927.4,1.0,50927.4,>$50k–$100k,4,True,True,True,False,True,0,43.5,Completed,True,False,True,True,1,region,0,0,10242.57,Nearest available; deviations documented,W3-PAY-PILOT-v3 · 2026-08-18,Purposive root-cause case-control review; not a prevalence or benefit sample,ACG-DATA / ANALYST-CALC / ANALYST-JUDGMENT,"ANALYST-JUDGMENT pilot design only; supplied extracts only; not a representative sample, root-cause conclusion, execution authorization, or funded-benefit estimate."
52,C2-11,11,Non-issue control,P001342,P001556,Manual touch + cross-border wire,False,none,Non-issue control,Late-only,0,0,2026-03-27,2026-03,AC0025,E007,Aurelius France,EMEA,France,Meridian Commercial,SAP-S4,Operating,Spreadsheet,Wire,EUR,54874.6,1.11472279,61169.97,>$50k–$100k,4,True,True,True,False,False,0,43.5,Completed,True,False,True,True,1,region,0,0,10242.57,Nearest available; deviations documented,W3-PAY-PILOT-v3 · 2026-08-18,Purposive root-cause case-control review; not a prevalence or benefit sample,ACG-DATA / ANALYST-CALC / ANALYST-JUDGMENT,"ANALYST-JUDGMENT pilot design only; supplied extracts only; not a representative sample, root-cause conclusion, execution authorization, or funded-benefit estimate."
53,C2-12,12,Issue case,P005421,P004957,Manual touch + cross-border wire,True,late_release_flag,Late-only,Late-only,12,4,2026-05-19,2026-05,AC0028,E008,Aurelius Netherlands,EMEA,Netherlands,Meridian Commercial,SAP-S4,Operating,Host-to-host,Wire,EUR,45566.08,1.09113947,49718.95,>$25k–$50k,3,True,True,True,False,True,0,43.5,Completed,True,False,True,True,1,region,0,0,18917.36,Nearest available; deviations documented,W3-PAY-PILOT-v3 · 2026-08-18,Purposive root-cause case-control review; not a prevalence or benefit sample,ACG-DATA / ANALYST-CALC / ANALYST-JUDGMENT,"ANALYST-JUDGMENT pilot design only; supplied extracts only; not a representative sample, root-cause conclusion, execution authorization, or funded-benefit estimate."
54,C2-12,12,Non-issue control,P004957,P005421,Manual touch + cross-border wire,False,none,Non-issue control,Late-only,0,0,2026-05-05,2026-05,AC0010,E003,Aurelius Wellness US,NA,United States,Union Atlantic,Oracle-E1,Operating,Spreadsheet,Wire,USD,30801.59,1.0,30801.59,>$25k–$50k,3,True,True,True,False,False,0,43.5,Completed,True,False,True,True,1,region,0,0,18917.36,Nearest available; deviations documented,W3-PAY-PILOT-v3 · 2026-08-18,Purposive root-cause case-control review; not a prevalence or benefit sample,ACG-DATA / ANALYST-CALC / ANALYST-JUDGMENT,"ANALYST-JUDGMENT pilot design only; supplied extracts only; not a representative sample, root-cause conclusion, execution authorization, or funded-benefit estimate."
55,C2-13,13,Issue case,P004257,P005201,Manual touch + cross-border wire,True,late_release_flag,Late-only,Late-only,13,5,2026-02-03,2026-02,AC0002,E001,Aurelius Group Holdings,NA,United States,Pacific Crown,Oracle-E1,Collection,Portal,Wire,USD,23417.59,1.0,23417.59,>$10k–$25k,2,True,True,True,False,True,0,43.5,Completed,True,False,True,True,1,region,0,0,2516.78,Nearest available; deviations documented,W3-PAY-PILOT-v3 · 2026-08-18,Purposive root-cause case-control review; not a prevalence or benefit sample,ACG-DATA / ANALYST-CALC / ANALYST-JUDGMENT,"ANALYST-JUDGMENT pilot design only; supplied extracts only; not a representative sample, root-cause conclusion, execution authorization, or funded-benefit estimate."
56,C2-13,13,Non-issue control,P005201,P004257,Manual touch + cross-border wire,False,none,Non-issue control,Late-only,0,0,2026-02-10,2026-02,AC0025,E007,Aurelius France,EMEA,France,Meridian Commercial,SAP-S4,Operating,Spreadsheet,Wire,EUR,18589.43,1.12433831,20900.81,>$10k–$25k,2,True,True,True,False,False,0,43.5,Completed,True,False,True,True,1,region,0,0,2516.78,Nearest available; deviations documented,W3-PAY-PILOT-v3 · 2026-08-18,Purposive root-cause case-control review; not a prevalence or benefit sample,ACG-DATA / ANALYST-CALC / ANALYST-JUDGMENT,"ANALYST-JUDGMENT pilot design only; supplied extracts only; not a representative sample, root-cause conclusion, execution authorization, or funded-benefit estimate."
57,C2-14,14,Issue case,P006949,P005903,Manual touch + cross-border wire,True,late_release_flag,Late-only,Late-only,14,6,2026-02-18,2026-02,AC0034,E010,Aurelius Singapore,APAC,Singapore,Continental Trust,SAP-S4,Operating,Spreadsheet,Wire,USD,19215.75,1.0,19215.75,>$10k–$25k,2,True,True,True,False,True,0,43.5,Completed,True,True,True,True,0,none,0,0,4363.38,Exact four-field match,W3-PAY-PILOT-v3 · 2026-08-18,Purposive root-cause case-control review; not a prevalence or benefit sample,ACG-DATA / ANALYST-CALC / ANALYST-JUDGMENT,"ANALYST-JUDGMENT pilot design only; supplied extracts only; not a representative sample, root-cause conclusion, execution authorization, or funded-benefit estimate."
58,C2-14,14,Non-issue control,P005903,P006949,Manual touch + cross-border wire,False,none,Non-issue control,Late-only,0,0,2026-02-18,2026-02,AC0038,E011,Aurelius Australia,APAC,Australia,Pacific Crown,SAP-S4,Operating,Host-to-host,Wire,USD,14852.37,1.0,14852.37,>$10k–$25k,2,True,True,True,False,False,0,43.5,Completed,True,True,True,True,0,none,0,0,4363.38,Exact four-field match,W3-PAY-PILOT-v3 · 2026-08-18,Purposive root-cause case-control review; not a prevalence or benefit sample,ACG-DATA / ANALYST-CALC / ANALYST-JUDGMENT,"ANALYST-JUDGMENT pilot design only; supplied extracts only; not a representative sample, root-cause conclusion, execution authorization, or funded-benefit estimate."
59,C2-15,15,Issue case,P001305,P007317,Manual touch + cross-border wire,True,late_release_flag,Late-only,Late-only,15,7,2026-05-19,2026-05,AC0010,E003,Aurelius Wellness US,NA,United States,Union Atlantic,Oracle-E1,Operating,Spreadsheet,Wire,USD,14757.08,1.0,14757.08,>$10k–$25k,2,True,True,True,False,True,0,43.5,Completed,True,True,True,True,0,none,0,0,1706.61,Exact four-field match,W3-PAY-PILOT-v3 · 2026-08-18,Purposive root-cause case-control review; not a prevalence or benefit sample,ACG-DATA / ANALYST-CALC / ANALYST-JUDGMENT,"ANALYST-JUDGMENT pilot design only; supplied extracts only; not a representative sample, root-cause conclusion, execution authorization, or funded-benefit estimate."
60,C2-15,15,Non-issue control,P007317,P001305,Manual touch + cross-border wire,False,none,Non-issue control,Late-only,0,0,2026-05-18,2026-05,AC0008,E002,Aurelius Home US,NA,United States,Pacific Crown,Oracle-E1,Tax,Portal,Wire,USD,16463.69,1.0,16463.69,>$10k–$25k,2,True,True,True,False,False,0,43.5,Completed,True,True,True,True,0,none,0,0,1706.61,Exact four-field match,W3-PAY-PILOT-v3 · 2026-08-18,Purposive root-cause case-control review; not a prevalence or benefit sample,ACG-DATA / ANALYST-CALC / ANALYST-JUDGMENT,"ANALYST-JUDGMENT pilot design only; supplied extracts only; not a representative sample, root-cause conclusion, execution authorization, or funded-benefit estimate."
61,C3-01,1,Issue case,P000331,P001911,Cross-border wire only,True,exception_flag; status_repaired,Exception/status,Exception/status,1,1,2026-04-21,2026-04,AC0032,E009,Aurelius Spain,EMEA,Spain,Northbridge Bank,Legacy-D365,Collection,Host-to-host,Wire,EUR,11560.15,1.09806686,12693.82,>$10k–$25k,2,True,True,False,True,False,73,58.5,Repaired,True,True,True,True,0,none,0,0,6223.59,Exact four-field match,W3-PAY-PILOT-v3 · 2026-08-18,Purposive root-cause case-control review; not a prevalence or benefit sample,ACG-DATA / ANALYST-CALC / ANALYST-JUDGMENT,"ANALYST-JUDGMENT pilot design only; supplied extracts only; not a representative sample, root-cause conclusion, execution authorization, or funded-benefit estimate."
62,C3-01,1,Non-issue control,P001911,P000331,Cross-border wire only,False,none,Non-issue control,Exception/status,0,0,2026-04-23,2026-04,AC0025,E007,Aurelius France,EMEA,France,Meridian Commercial,SAP-S4,Operating,Spreadsheet,Wire,EUR,17093.89,1.10667682,18917.41,>$10k–$25k,2,True,True,False,False,False,0,43.5,Completed,True,True,True,True,0,none,0,0,6223.59,Exact four-field match,W3-PAY-PILOT-v3 · 2026-08-18,Purposive root-cause case-control review; not a prevalence or benefit sample,ACG-DATA / ANALYST-CALC / ANALYST-JUDGMENT,"ANALYST-JUDGMENT pilot design only; supplied extracts only; not a representative sample, root-cause conclusion, execution authorization, or funded-benefit estimate."
63,C3-02,2,Issue case,P003269,P003650,Cross-border wire only,True,exception_flag; status_repaired,Exception/status,Exception/status,2,2,2026-01-07,2026-01,AC0038,E011,Aurelius Australia,APAC,Australia,Pacific Crown,SAP-S4,Operating,Host-to-host,Wire,USD,3472.73,1.0,3472.73,≤$10k,1,True,True,False,True,False,73,58.5,Repaired,True,True,True,True,0,none,0,0,1.36,Exact four-field match,W3-PAY-PILOT-v3 · 2026-08-18,Purposive root-cause case-control review; not a prevalence or benefit sample,ACG-DATA / ANALYST-CALC / ANALYST-JUDGMENT,"ANALYST-JUDGMENT pilot design only; supplied extracts only; not a representative sample, root-cause conclusion, execution authorization, or funded-benefit estimate."
64,C3-02,2,Non-issue control,P003650,P003269,Cross-border wire only,False,none,Non-issue control,Exception/status,0,0,2026-01-29,2026-01,AC0036,E010,Aurelius Singapore,APAC,Singapore,Continental Trust,SAP-S4,Payroll,Host-to-host,Wire,SGD,4567.95,0.75993938,3471.37,≤$10k,1,True,True,False,False,False,0,43.5,Completed,True,True,True,True,0,none,0,0,1.36,Exact four-field match,W3-PAY-PILOT-v3 · 2026-08-18,Purposive root-cause case-control review; not a prevalence or benefit sample,ACG-DATA / ANALYST-CALC / ANALYST-JUDGMENT,"ANALYST-JUDGMENT pilot design only; supplied extracts only; not a representative sample, root-cause conclusion, execution authorization, or funded-benefit estimate."
65,C3-03,3,Issue case,P005998,P002361,Cross-border wire only,True,exception_flag; status_repaired,Exception/status,Exception/status,3,3,2026-02-02,2026-02,AC0019,E005,Aurelius UK,EMEA,United Kingdom,Union Atlantic,SAP-S4,Payroll,Host-to-host,Wire,GBP,20961.27,1.28568417,26949.57,>$25k–$50k,3,True,True,False,True,False,70,58.5,Repaired,True,True,True,True,0,none,0,0,604.96,Exact four-field match,W3-PAY-PILOT-v3 · 2026-08-18,Purposive root-cause case-control review; not a prevalence or benefit sample,ACG-DATA / ANALYST-CALC / ANALYST-JUDGMENT,"ANALYST-JUDGMENT pilot design only; supplied extracts only; not a representative sample, root-cause conclusion, execution authorization, or funded-benefit estimate."
66,C3-03,3,Non-issue control,P002361,P005998,Cross-border wire only,False,none,Non-issue control,Exception/status,0,0,2026-02-20,2026-02,AC0028,E008,Aurelius Netherlands,EMEA,Netherlands,Meridian Commercial,SAP-S4,Operating,Host-to-host,Wire,EUR,24350.89,1.13156155,27554.53,>$25k–$50k,3,True,True,False,False,False,0,43.5,Completed,True,True,True,True,0,none,0,0,604.96,Exact four-field match,W3-PAY-PILOT-v3 · 2026-08-18,Purposive root-cause case-control review; not a prevalence or benefit sample,ACG-DATA / ANALYST-CALC / ANALYST-JUDGMENT,"ANALYST-JUDGMENT pilot design only; supplied extracts only; not a representative sample, root-cause conclusion, execution authorization, or funded-benefit estimate."
67,C3-04,4,Issue case,P007235,P004939,Cross-border wire only,True,exception_flag; status_repaired,Exception/status,Exception/status,4,4,2026-06-15,2026-06,AC0023,E006,Aurelius Germany,EMEA,Germany,Northbridge Bank,SAP-S4,Payroll,Host-to-host,Wire,EUR,23829.67,1.09098206,25997.74,>$25k–$50k,3,True,True,False,True,False,68,58.5,Repaired,True,True,True,True,0,none,0,0,167.52,Exact four-field match,W3-PAY-PILOT-v3 · 2026-08-18,Purposive root-cause case-control review; not a prevalence or benefit sample,ACG-DATA / ANALYST-CALC / ANALYST-JUDGMENT,"ANALYST-JUDGMENT pilot design only; supplied extracts only; not a representative sample, root-cause conclusion, execution authorization, or funded-benefit estimate."
68,C3-04,4,Non-issue control,P004939,P007235,Cross-border wire only,False,none,Non-issue control,Exception/status,0,0,2026-06-18,2026-06,AC0029,E008,Aurelius Netherlands,EMEA,Netherlands,Continental Trust,SAP-S4,Collection,API,Wire,EUR,23889.79,1.09524857,26165.26,>$25k–$50k,3,True,True,False,False,False,0,43.5,Completed,True,True,True,True,0,none,0,0,167.52,Exact four-field match,W3-PAY-PILOT-v3 · 2026-08-18,Purposive root-cause case-control review; not a prevalence or benefit sample,ACG-DATA / ANALYST-CALC / ANALYST-JUDGMENT,"ANALYST-JUDGMENT pilot design only; supplied extracts only; not a representative sample, root-cause conclusion, execution authorization, or funded-benefit estimate."
69,C3-05,5,Issue case,P002222,P007341,Cross-border wire only,True,exception_flag; status_repaired,Exception/status,Exception/status,5,5,2026-03-13,2026-03,AC0005,E002,Aurelius Home US,NA,United States,Continental Trust,Oracle-E1,Operating,API,Wire,USD,1271.53,1.0,1271.53,≤$10k,1,True,True,False,True,False,67,58.5,Repaired,True,True,True,True,0,none,0,0,16.12,Exact four-field match,W3-PAY-PILOT-v3 · 2026-08-18,Purposive root-cause case-control review; not a prevalence or benefit sample,ACG-DATA / ANALYST-CALC / ANALYST-JUDGMENT,"ANALYST-JUDGMENT pilot design only; supplied extracts only; not a representative sample, root-cause conclusion, execution authorization, or funded-benefit estimate."
70,C3-05,5,Non-issue control,P007341,P002222,Cross-border wire only,False,none,Non-issue control,Exception/status,0,0,2026-03-19,2026-03,AC0010,E003,Aurelius Wellness US,NA,United States,Union Atlantic,Oracle-E1,Operating,Spreadsheet,Wire,USD,1287.65,1.0,1287.65,≤$10k,1,True,True,False,False,False,0,43.5,Completed,True,True,True,True,0,none,0,0,16.12,Exact four-field match,W3-PAY-PILOT-v3 · 2026-08-18,Purposive root-cause case-control review; not a prevalence or benefit sample,ACG-DATA / ANALYST-CALC / ANALYST-JUDGMENT,"ANALYST-JUDGMENT pilot design only; supplied extracts only; not a representative sample, root-cause conclusion, execution authorization, or funded-benefit estimate."
71,C3-06,6,Issue case,P004761,P007435,Cross-border wire only,True,exception_flag; status_repaired,Exception/status,Exception/status,6,6,2026-05-20,2026-05,AC0038,E011,Aurelius Australia,APAC,Australia,Pacific Crown,SAP-S4,Operating,Host-to-host,Wire,USD,8799.73,1.0,8799.73,≤$10k,1,True,True,False,True,False,66,58.5,Repaired,True,True,True,True,0,none,0,0,3027.45,Exact four-field match,W3-PAY-PILOT-v3 · 2026-08-18,Purposive root-cause case-control review; not a prevalence or benefit sample,ACG-DATA / ANALYST-CALC / ANALYST-JUDGMENT,"ANALYST-JUDGMENT pilot design only; supplied extracts only; not a representative sample, root-cause conclusion, execution authorization, or funded-benefit estimate."
72,C3-06,6,Non-issue control,P007435,P004761,Cross-border wire only,False,none,Non-issue control,Exception/status,0,0,2026-05-05,2026-05,AC0053,E016,Aurelius Global Sourcing,APAC,Singapore,Pacific Crown,SAP-S4,Operating,API,Wire,USD,5772.28,1.0,5772.28,≤$10k,1,True,True,False,False,False,0,43.5,Completed,True,True,True,True,0,none,0,0,3027.45,Exact four-field match,W3-PAY-PILOT-v3 · 2026-08-18,Purposive root-cause case-control review; not a prevalence or benefit sample,ACG-DATA / ANALYST-CALC / ANALYST-JUDGMENT,"ANALYST-JUDGMENT pilot design only; supplied extracts only; not a representative sample, root-cause conclusion, execution authorization, or funded-benefit estimate."
73,C3-07,7,Issue case,P007036,P002862,Cross-border wire only,True,exception_flag; late_release_flag; status_repaired,Exception/status,Exception/status,7,7,2026-05-25,2026-05,AC0025,E007,Aurelius France,EMEA,France,Meridian Commercial,SAP-S4,Operating,Spreadsheet,Wire,EUR,161741.04,1.0860574,175660.05,>$100k,5,True,True,False,True,True,65,58.5,Repaired,True,True,False,True,1,month,0,1,77889.79,Nearest available; deviations documented,W3-PAY-PILOT-v3 · 2026-08-18,Purposive root-cause case-control review; not a prevalence or benefit sample,ACG-DATA / ANALYST-CALC / ANALYST-JUDGMENT,"ANALYST-JUDGMENT pilot design only; supplied extracts only; not a representative sample, root-cause conclusion, execution authorization, or funded-benefit estimate."
74,C3-07,7,Non-issue control,P002862,P007036,Cross-border wire only,False,none,Non-issue control,Exception/status,0,0,2026-04-07,2026-04,AC0021,E006,Aurelius Germany,EMEA,Germany,Continental Trust,SAP-S4,Operating,Spreadsheet,Wire,EUR,228829.64,1.10802885,253549.84,>$100k,5,True,True,False,False,False,0,43.5,Completed,True,True,False,True,1,month,0,1,77889.79,Nearest available; deviations documented,W3-PAY-PILOT-v3 · 2026-08-18,Purposive root-cause case-control review; not a prevalence or benefit sample,ACG-DATA / ANALYST-CALC / ANALYST-JUDGMENT,"ANALYST-JUDGMENT pilot design only; supplied extracts only; not a representative sample, root-cause conclusion, execution authorization, or funded-benefit estimate."
75,C3-08,8,Issue case,P003605,P003442,Cross-border wire only,True,exception_flag; status_repaired,Exception/status,Exception/status,8,8,2026-06-18,2026-06,AC0021,E006,Aurelius Germany,EMEA,Germany,Continental Trust,SAP-S4,Operating,Spreadsheet,Wire,EUR,20286.84,1.09524857,22219.13,>$10k–$25k,2,True,True,False,True,False,64,58.5,Repaired,True,True,True,True,0,none,0,0,2928.15,Exact four-field match,W3-PAY-PILOT-v3 · 2026-08-18,Purposive root-cause case-control review; not a prevalence or benefit sample,ACG-DATA / ANALYST-CALC / ANALYST-JUDGMENT,"ANALYST-JUDGMENT pilot design only; supplied extracts only; not a representative sample, root-cause conclusion, execution authorization, or funded-benefit estimate."
76,C3-08,8,Non-issue control,P003442,P003605,Cross-border wire only,False,none,Non-issue control,Exception/status,0,0,2026-06-18,2026-06,AC0019,E005,Aurelius UK,EMEA,United Kingdom,Union Atlantic,SAP-S4,Payroll,Host-to-host,Wire,GBP,14321.54,1.34699075,19290.98,>$10k–$25k,2,True,True,False,False,False,0,43.5,Completed,True,True,True,True,0,none,0,0,2928.15,Exact four-field match,W3-PAY-PILOT-v3 · 2026-08-18,Purposive root-cause case-control review; not a prevalence or benefit sample,ACG-DATA / ANALYST-CALC / ANALYST-JUDGMENT,"ANALYST-JUDGMENT pilot design only; supplied extracts only; not a representative sample, root-cause conclusion, execution authorization, or funded-benefit estimate."
77,C3-09,9,Issue case,P002715,P006157,Cross-border wire only,True,late_release_flag,Late-only,Late-only,9,1,2026-02-09,2026-02,AC0005,E002,Aurelius Home US,NA,United States,Continental Trust,Oracle-E1,Operating,API,Wire,USD,41107.35,1.0,41107.35,>$25k–$50k,3,True,True,False,False,True,0,43.5,Completed,True,True,True,True,0,none,0,0,13316.71,Exact four-field match,W3-PAY-PILOT-v3 · 2026-08-18,Purposive root-cause case-control review; not a prevalence or benefit sample,ACG-DATA / ANALYST-CALC / ANALYST-JUDGMENT,"ANALYST-JUDGMENT pilot design only; supplied extracts only; not a representative sample, root-cause conclusion, execution authorization, or funded-benefit estimate."
78,C3-09,9,Non-issue control,P006157,P002715,Cross-border wire only,False,none,Non-issue control,Late-only,0,0,2026-02-13,2026-02,AC0005,E002,Aurelius Home US,NA,United States,Continental Trust,Oracle-E1,Operating,API,Wire,USD,27790.64,1.0,27790.64,>$25k–$50k,3,True,True,False,False,False,0,43.5,Completed,True,True,True,True,0,none,0,0,13316.71,Exact four-field match,W3-PAY-PILOT-v3 · 2026-08-18,Purposive root-cause case-control review; not a prevalence or benefit sample,ACG-DATA / ANALYST-CALC / ANALYST-JUDGMENT,"ANALYST-JUDGMENT pilot design only; supplied extracts only; not a representative sample, root-cause conclusion, execution authorization, or funded-benefit estimate."
79,C3-10,10,Issue case,P004398,P005801,Cross-border wire only,True,late_release_flag,Late-only,Late-only,10,2,2026-04-15,2026-04,AC0021,E006,Aurelius Germany,EMEA,Germany,Continental Trust,SAP-S4,Operating,Spreadsheet,Wire,EUR,37488.45,1.09409065,41015.76,>$25k–$50k,3,True,True,False,False,True,0,43.5,Completed,True,True,True,True,0,none,0,0,13795.09,Exact four-field match,W3-PAY-PILOT-v3 · 2026-08-18,Purposive root-cause case-control review; not a prevalence or benefit sample,ACG-DATA / ANALYST-CALC / ANALYST-JUDGMENT,"ANALYST-JUDGMENT pilot design only; supplied extracts only; not a representative sample, root-cause conclusion, execution authorization, or funded-benefit estimate."
80,C3-10,10,Non-issue control,P005801,P004398,Cross-border wire only,False,none,Non-issue control,Late-only,0,0,2026-04-15,2026-04,AC0033,E009,Aurelius Spain,EMEA,Spain,Meridian Commercial,Legacy-D365,Payroll,Spreadsheet,Wire,EUR,24879.72,1.09409065,27220.67,>$25k–$50k,3,True,True,False,False,False,0,43.5,Completed,True,True,True,True,0,none,0,0,13795.09,Exact four-field match,W3-PAY-PILOT-v3 · 2026-08-18,Purposive root-cause case-control review; not a prevalence or benefit sample,ACG-DATA / ANALYST-CALC / ANALYST-JUDGMENT,"ANALYST-JUDGMENT pilot design only; supplied extracts only; not a representative sample, root-cause conclusion, execution authorization, or funded-benefit estimate."
81,C3-11,11,Issue case,P006643,P005208,Cross-border wire only,True,late_release_flag,Late-only,Late-only,11,3,2026-02-19,2026-02,AC0007,E002,Aurelius Home US,NA,United States,Northbridge Bank,Oracle-E1,Payroll,Host-to-host,Wire,USD,36697.95,1.0,36697.95,>$25k–$50k,3,True,True,False,False,True,0,43.5,Completed,True,False,True,True,1,region,0,0,715.03,Nearest available; deviations documented,W3-PAY-PILOT-v3 · 2026-08-18,Purposive root-cause case-control review; not a prevalence or benefit sample,ACG-DATA / ANALYST-CALC / ANALYST-JUDGMENT,"ANALYST-JUDGMENT pilot design only; supplied extracts only; not a representative sample, root-cause conclusion, execution authorization, or funded-benefit estimate."
82,C3-11,11,Non-issue control,P005208,P006643,Cross-border wire only,False,none,Non-issue control,Late-only,0,0,2026-02-10,2026-02,AC0017,E005,Aurelius UK,EMEA,United Kingdom,Union Atlantic,SAP-S4,Operating,Spreadsheet,Wire,GBP,29003.31,1.28995552,37412.98,>$25k–$50k,3,True,True,False,False,False,0,43.5,Completed,True,False,True,True,1,region,0,0,715.03,Nearest available; deviations documented,W3-PAY-PILOT-v3 · 2026-08-18,Purposive root-cause case-control review; not a prevalence or benefit sample,ACG-DATA / ANALYST-CALC / ANALYST-JUDGMENT,"ANALYST-JUDGMENT pilot design only; supplied extracts only; not a representative sample, root-cause conclusion, execution authorization, or funded-benefit estimate."
83,C3-12,12,Issue case,P001847,P002143,Cross-border wire only,True,late_release_flag,Late-only,Late-only,12,4,2026-04-10,2026-04,AC0012,E003,Aurelius Wellness US,NA,United States,Northbridge Bank,Oracle-E1,Payroll,Host-to-host,Wire,USD,26057.48,1.0,26057.48,>$25k–$50k,3,True,True,False,False,True,0,43.5,Completed,True,True,True,True,0,none,0,0,23462.91,Exact four-field match,W3-PAY-PILOT-v3 · 2026-08-18,Purposive root-cause case-control review; not a prevalence or benefit sample,ACG-DATA / ANALYST-CALC / ANALYST-JUDGMENT,"ANALYST-JUDGMENT pilot design only; supplied extracts only; not a representative sample, root-cause conclusion, execution authorization, or funded-benefit estimate."
84,C3-12,12,Non-issue control,P002143,P001847,Cross-border wire only,False,none,Non-issue control,Late-only,0,0,2026-04-02,2026-04,AC0003,E001,Aurelius Group Holdings,NA,United States,Meridian Commercial,Oracle-E1,Payroll,API,Wire,USD,49520.39,1.0,49520.39,>$25k–$50k,3,True,True,False,False,False,0,43.5,Completed,True,True,True,True,0,none,0,0,23462.91,Exact four-field match,W3-PAY-PILOT-v3 · 2026-08-18,Purposive root-cause case-control review; not a prevalence or benefit sample,ACG-DATA / ANALYST-CALC / ANALYST-JUDGMENT,"ANALYST-JUDGMENT pilot design only; supplied extracts only; not a representative sample, root-cause conclusion, execution authorization, or funded-benefit estimate."
85,C3-13,13,Issue case,P000100,P006250,Cross-border wire only,True,late_release_flag,Late-only,Late-only,13,5,2026-04-14,2026-04,AC0040,E011,Aurelius Australia,APAC,Australia,Continental Trust,SAP-S4,Payroll,Spreadsheet,Wire,AUD,37675.42,0.65351991,24621.64,>$10k–$25k,2,True,True,False,False,True,0,43.5,Completed,True,True,True,True,0,none,0,0,2894.39,Exact four-field match,W3-PAY-PILOT-v3 · 2026-08-18,Purposive root-cause case-control review; not a prevalence or benefit sample,ACG-DATA / ANALYST-CALC / ANALYST-JUDGMENT,"ANALYST-JUDGMENT pilot design only; supplied extracts only; not a representative sample, root-cause conclusion, execution authorization, or funded-benefit estimate."
86,C3-13,13,Non-issue control,P006250,P000100,Cross-border wire only,False,none,Non-issue control,Late-only,0,0,2026-04-29,2026-04,AC0038,E011,Aurelius Australia,APAC,Australia,Pacific Crown,SAP-S4,Operating,Host-to-host,Wire,USD,21727.25,1.0,21727.25,>$10k–$25k,2,True,True,False,False,False,0,43.5,Completed,True,True,True,True,0,none,0,0,2894.39,Exact four-field match,W3-PAY-PILOT-v3 · 2026-08-18,Purposive root-cause case-control review; not a prevalence or benefit sample,ACG-DATA / ANALYST-CALC / ANALYST-JUDGMENT,"ANALYST-JUDGMENT pilot design only; supplied extracts only; not a representative sample, root-cause conclusion, execution authorization, or funded-benefit estimate."
87,C3-14,14,Issue case,P004976,P006681,Cross-border wire only,True,late_release_flag,Late-only,Late-only,14,6,2026-02-05,2026-02,AC0003,E001,Aurelius Group Holdings,NA,United States,Meridian Commercial,Oracle-E1,Payroll,API,Wire,USD,17662.56,1.0,17662.56,>$10k–$25k,2,True,True,False,False,True,0,43.5,Completed,True,True,True,True,0,none,0,0,21.36,Exact four-field match,W3-PAY-PILOT-v3 · 2026-08-18,Purposive root-cause case-control review; not a prevalence or benefit sample,ACG-DATA / ANALYST-CALC / ANALYST-JUDGMENT,"ANALYST-JUDGMENT pilot design only; supplied extracts only; not a representative sample, root-cause conclusion, execution authorization, or funded-benefit estimate."
88,C3-14,14,Non-issue control,P006681,P004976,Cross-border wire only,False,none,Non-issue control,Late-only,0,0,2026-02-05,2026-02,AC0001,E001,Aurelius Group Holdings,NA,United States,Union Atlantic,Oracle-E1,Operating,Spreadsheet,Wire,USD,17683.92,1.0,17683.92,>$10k–$25k,2,True,True,False,False,False,0,43.5,Completed,True,True,True,True,0,none,0,0,21.36,Exact four-field match,W3-PAY-PILOT-v3 · 2026-08-18,Purposive root-cause case-control review; not a prevalence or benefit sample,ACG-DATA / ANALYST-CALC / ANALYST-JUDGMENT,"ANALYST-JUDGMENT pilot design only; supplied extracts only; not a representative sample, root-cause conclusion, execution authorization, or funded-benefit estimate."
89,C3-15,15,Issue case,P002076,P005106,Cross-border wire only,True,late_release_flag,Late-only,Late-only,15,7,2026-03-04,2026-03,AC0042,E012,Aurelius Japan,APAC,Japan,Union Atlantic,Legacy-D365,Collection,Host-to-host,Wire,USD,17342.55,1.0,17342.55,>$10k–$25k,2,True,True,False,False,True,0,43.5,Completed,True,True,True,True,0,none,0,0,2833.01,Exact four-field match,W3-PAY-PILOT-v3 · 2026-08-18,Purposive root-cause case-control review; not a prevalence or benefit sample,ACG-DATA / ANALYST-CALC / ANALYST-JUDGMENT,"ANALYST-JUDGMENT pilot design only; supplied extracts only; not a representative sample, root-cause conclusion, execution authorization, or funded-benefit estimate."
90,C3-15,15,Non-issue control,P005106,P002076,Cross-border wire only,False,none,Non-issue control,Late-only,0,0,2026-03-23,2026-03,AC0038,E011,Aurelius Australia,APAC,Australia,Pacific Crown,SAP-S4,Operating,Host-to-host,Wire,USD,14509.54,1.0,14509.54,>$10k–$25k,2,True,True,False,False,False,0,43.5,Completed,True,True,True,True,0,none,0,0,2833.01,Exact four-field match,W3-PAY-PILOT-v3 · 2026-08-18,Purposive root-cause case-control review; not a prevalence or benefit sample,ACG-DATA / ANALYST-CALC / ANALYST-JUDGMENT,"ANALYST-JUDGMENT pilot design only; supplied extracts only; not a representative sample, root-cause conclusion, execution authorization, or funded-benefit estimate."
91,C4-01,1,Issue case,P000733,P007121,Neither priority cohort,True,exception_flag; status_repaired,Exception/status,Exception/status,1,1,2026-01-19,2026-01,AC0038,E011,Aurelius Australia,APAC,Australia,Pacific Crown,SAP-S4,Operating,Host-to-host,Local transfer,USD,37451.38,1.0,37451.38,>$25k–$50k,3,False,False,False,True,False,73,16.5,Repaired,True,True,True,True,0,none,0,0,1507.27,Exact four-field match,W3-PAY-PILOT-v3 · 2026-08-18,Purposive root-cause case-control review; not a prevalence or benefit sample,ACG-DATA / ANALYST-CALC / ANALYST-JUDGMENT,"ANALYST-JUDGMENT pilot design only; supplied extracts only; not a representative sample, root-cause conclusion, execution authorization, or funded-benefit estimate."
92,C4-01,1,Non-issue control,P007121,P000733,Neither priority cohort,False,none,Non-issue control,Exception/status,0,0,2026-01-27,2026-01,AC0054,E016,Aurelius Global Sourcing,APAC,Singapore,Northbridge Bank,SAP-S4,Collection,Host-to-host,Local transfer,USD,35944.11,1.0,35944.11,>$25k–$50k,3,False,False,False,False,False,0,1.5,Completed,True,True,True,True,0,none,0,0,1507.27,Exact four-field match,W3-PAY-PILOT-v3 · 2026-08-18,Purposive root-cause case-control review; not a prevalence or benefit sample,ACG-DATA / ANALYST-CALC / ANALYST-JUDGMENT,"ANALYST-JUDGMENT pilot design only; supplied extracts only; not a representative sample, root-cause conclusion, execution authorization, or funded-benefit estimate."
93,C4-02,2,Issue case,P005460,P006076,Neither priority cohort,True,exception_flag; status_repaired,Exception/status,Exception/status,2,2,2026-03-04,2026-03,AC0016,E004,Aurelius Canada,NA,Canada,Meridian Commercial,Oracle-E1,Payroll,Spreadsheet,Local transfer,CAD,12909.86,0.7371186,9516.1,≤$10k,1,False,False,False,True,False,73,16.5,Repaired,True,True,True,True,0,none,0,0,7.44,Exact four-field match,W3-PAY-PILOT-v3 · 2026-08-18,Purposive root-cause case-control review; not a prevalence or benefit sample,ACG-DATA / ANALYST-CALC / ANALYST-JUDGMENT,"ANALYST-JUDGMENT pilot design only; supplied extracts only; not a representative sample, root-cause conclusion, execution authorization, or funded-benefit estimate."
94,C4-02,2,Non-issue control,P006076,P005460,Neither priority cohort,False,none,Non-issue control,Exception/status,0,0,2026-03-11,2026-03,AC0014,E004,Aurelius Canada,NA,Canada,Union Atlantic,Oracle-E1,Operating,API,Local transfer,CAD,12923.71,0.73575278,9508.66,≤$10k,1,False,False,False,False,False,0,1.5,Completed,True,True,True,True,0,none,0,0,7.44,Exact four-field match,W3-PAY-PILOT-v3 · 2026-08-18,Purposive root-cause case-control review; not a prevalence or benefit sample,ACG-DATA / ANALYST-CALC / ANALYST-JUDGMENT,"ANALYST-JUDGMENT pilot design only; supplied extracts only; not a representative sample, root-cause conclusion, execution authorization, or funded-benefit estimate."
95,C4-03,3,Issue case,P000078,P006307,Neither priority cohort,True,exception_flag; late_release_flag; status_repaired,Exception/status,Exception/status,3,3,2026-01-23,2026-01,AC0053,E016,Aurelius Global Sourcing,APAC,Singapore,Pacific Crown,SAP-S4,Operating,API,Internal transfer,USD,19234.13,1.0,19234.13,>$10k–$25k,2,False,False,False,True,True,72,16.5,Repaired,True,True,True,True,0,none,0,0,675.99,Exact four-field match,W3-PAY-PILOT-v3 · 2026-08-18,Purposive root-cause case-control review; not a prevalence or benefit sample,ACG-DATA / ANALYST-CALC / ANALYST-JUDGMENT,"ANALYST-JUDGMENT pilot design only; supplied extracts only; not a representative sample, root-cause conclusion, execution authorization, or funded-benefit estimate."
96,C4-03,3,Non-issue control,P006307,P000078,Neither priority cohort,False,none,Non-issue control,Exception/status,0,0,2026-01-19,2026-01,AC0035,E010,Aurelius Singapore,APAC,Singapore,Pacific Crown,SAP-S4,Collection,Host-to-host,Internal transfer,SGD,24512.96,0.75707458,18558.14,>$10k–$25k,2,False,False,False,False,False,0,1.5,Completed,True,True,True,True,0,none,0,0,675.99,Exact four-field match,W3-PAY-PILOT-v3 · 2026-08-18,Purposive root-cause case-control review; not a prevalence or benefit sample,ACG-DATA / ANALYST-CALC / ANALYST-JUDGMENT,"ANALYST-JUDGMENT pilot design only; supplied extracts only; not a representative sample, root-cause conclusion, execution authorization, or funded-benefit estimate."
97,C4-04,4,Issue case,P001640,P004158,Neither priority cohort,True,exception_flag; status_repaired,Exception/status,Exception/status,4,4,2026-05-29,2026-05,AC0006,E002,Aurelius Home US,NA,United States,Pacific Crown,Oracle-E1,Collection,Host-to-host,Local transfer,USD,14604.15,1.0,14604.15,>$10k–$25k,2,False,False,False,True,False,72,16.5,Repaired,True,True,True,True,0,none,0,0,8.37,Exact four-field match,W3-PAY-PILOT-v3 · 2026-08-18,Purposive root-cause case-control review; not a prevalence or benefit sample,ACG-DATA / ANALYST-CALC / ANALYST-JUDGMENT,"ANALYST-JUDGMENT pilot design only; supplied extracts only; not a representative sample, root-cause conclusion, execution authorization, or funded-benefit estimate."
98,C4-04,4,Non-issue control,P004158,P001640,Neither priority cohort,False,none,Non-issue control,Exception/status,0,0,2026-05-08,2026-05,AC0012,E003,Aurelius Wellness US,NA,United States,Northbridge Bank,Oracle-E1,Payroll,Host-to-host,Local transfer,USD,14612.52,1.0,14612.52,>$10k–$25k,2,False,False,False,False,False,0,1.5,Completed,True,True,True,True,0,none,0,0,8.37,Exact four-field match,W3-PAY-PILOT-v3 · 2026-08-18,Purposive root-cause case-control review; not a prevalence or benefit sample,ACG-DATA / ANALYST-CALC / ANALYST-JUDGMENT,"ANALYST-JUDGMENT pilot design only; supplied extracts only; not a representative sample, root-cause conclusion, execution authorization, or funded-benefit estimate."
99,C4-05,5,Issue case,P003954,P002384,Neither priority cohort,True,exception_flag; status_repaired,Exception/status,Exception/status,5,5,2026-05-12,2026-05,AC0001,E001,Aurelius Group Holdings,NA,United States,Union Atlantic,Oracle-E1,Operating,Spreadsheet,ACH,USD,3531.69,1.0,3531.69,≤$10k,1,False,False,False,True,False,72,16.5,Repaired,True,True,True,True,0,none,0,0,101.97,Exact four-field match,W3-PAY-PILOT-v3 · 2026-08-18,Purposive root-cause case-control review; not a prevalence or benefit sample,ACG-DATA / ANALYST-CALC / ANALYST-JUDGMENT,"ANALYST-JUDGMENT pilot design only; supplied extracts only; not a representative sample, root-cause conclusion, execution authorization, or funded-benefit estimate."
100,C4-05,5,Non-issue control,P002384,P003954,Neither priority cohort,False,none,Non-issue control,Exception/status,0,0,2026-05-11,2026-05,AC0005,E002,Aurelius Home US,NA,United States,Continental Trust,Oracle-E1,Operating,API,ACH,USD,3429.72,1.0,3429.72,≤$10k,1,False,False,False,False,False,0,1.5,Completed,True,True,True,True,0,none,0,0,101.97,Exact four-field match,W3-PAY-PILOT-v3 · 2026-08-18,Purposive root-cause case-control review; not a prevalence or benefit sample,ACG-DATA / ANALYST-CALC / ANALYST-JUDGMENT,"ANALYST-JUDGMENT pilot design only; supplied extracts only; not a representative sample, root-cause conclusion, execution authorization, or funded-benefit estimate."
101,C4-06,6,Issue case,P006023,P002379,Neither priority cohort,True,exception_flag; status_repaired,Exception/status,Exception/status,6,6,2026-06-19,2026-06,AC0050,E015,Aurelius Hong Kong,APAC,Hong Kong,Union Atlantic,SAP-S4,Operating,Portal,ACH,HKD,9091.11,0.13279971,1207.3,≤$10k,1,False,False,False,True,False,72,16.5,Repaired,True,True,True,True,0,none,0,0,71.87,Exact four-field match,W3-PAY-PILOT-v3 · 2026-08-18,Purposive root-cause case-control review; not a prevalence or benefit sample,ACG-DATA / ANALYST-CALC / ANALYST-JUDGMENT,"ANALYST-JUDGMENT pilot design only; supplied extracts only; not a representative sample, root-cause conclusion, execution authorization, or funded-benefit estimate."
102,C4-06,6,Non-issue control,P002379,P006023,Neither priority cohort,False,none,Non-issue control,Exception/status,0,0,2026-06-01,2026-06,AC0050,E015,Aurelius Hong Kong,APAC,Hong Kong,Union Atlantic,SAP-S4,Operating,Portal,ACH,HKD,9572.49,0.13362948,1279.17,≤$10k,1,False,False,False,False,False,0,1.5,Completed,True,True,True,True,0,none,0,0,71.87,Exact four-field match,W3-PAY-PILOT-v3 · 2026-08-18,Purposive root-cause case-control review; not a prevalence or benefit sample,ACG-DATA / ANALYST-CALC / ANALYST-JUDGMENT,"ANALYST-JUDGMENT pilot design only; supplied extracts only; not a representative sample, root-cause conclusion, execution authorization, or funded-benefit estimate."
103,C4-07,7,Issue case,P006124,P002833,Neither priority cohort,True,exception_flag; status_rejected,Exception/status,Exception/status,7,7,2026-03-17,2026-03,AC0049,E014,Aurelius India,APAC,India,Pacific Crown,Legacy-D365,Payroll,API,ACH,USD,2516.03,1.0,2516.03,≤$10k,1,False,False,False,True,False,71,16.5,Rejected,True,True,True,True,0,none,0,0,46.44,Exact four-field match,W3-PAY-PILOT-v3 · 2026-08-18,Purposive root-cause case-control review; not a prevalence or benefit sample,ACG-DATA / ANALYST-CALC / ANALYST-JUDGMENT,"ANALYST-JUDGMENT pilot design only; supplied extracts only; not a representative sample, root-cause conclusion, execution authorization, or funded-benefit estimate."
104,C4-07,7,Non-issue control,P002833,P006124,Neither priority cohort,False,none,Non-issue control,Exception/status,0,0,2026-03-05,2026-03,AC0038,E011,Aurelius Australia,APAC,Australia,Pacific Crown,SAP-S4,Operating,Host-to-host,ACH,USD,2562.47,1.0,2562.47,≤$10k,1,False,False,False,False,False,0,1.5,Completed,True,True,True,True,0,none,0,0,46.44,Exact four-field match,W3-PAY-PILOT-v3 · 2026-08-18,Purposive root-cause case-control review; not a prevalence or benefit sample,ACG-DATA / ANALYST-CALC / ANALYST-JUDGMENT,"ANALYST-JUDGMENT pilot design only; supplied extracts only; not a representative sample, root-cause conclusion, execution authorization, or funded-benefit estimate."
105,C4-08,8,Issue case,P006988,P004276,Neither priority cohort,True,exception_flag; status_repaired,Exception/status,Exception/status,8,8,2026-03-23,2026-03,AC0028,E008,Aurelius Netherlands,EMEA,Netherlands,Meridian Commercial,SAP-S4,Operating,Host-to-host,Local transfer,EUR,5272.63,1.11428415,5875.21,≤$10k,1,False,False,False,True,False,70,16.5,Repaired,True,True,True,True,0,none,0,0,6.46,Exact four-field match,W3-PAY-PILOT-v3 · 2026-08-18,Purposive root-cause case-control review; not a prevalence or benefit sample,ACG-DATA / ANALYST-CALC / ANALYST-JUDGMENT,"ANALYST-JUDGMENT pilot design only; supplied extracts only; not a representative sample, root-cause conclusion, execution authorization, or funded-benefit estimate."
106,C4-08,8,Non-issue control,P004276,P006988,Neither priority cohort,False,none,Non-issue control,Exception/status,0,0,2026-03-23,2026-03,AC0033,E009,Aurelius Spain,EMEA,Spain,Meridian Commercial,Legacy-D365,Payroll,Spreadsheet,Local transfer,EUR,5278.43,1.11428415,5881.67,≤$10k,1,False,False,False,False,False,0,1.5,Completed,True,True,True,True,0,none,0,0,6.46,Exact four-field match,W3-PAY-PILOT-v3 · 2026-08-18,Purposive root-cause case-control review; not a prevalence or benefit sample,ACG-DATA / ANALYST-CALC / ANALYST-JUDGMENT,"ANALYST-JUDGMENT pilot design only; supplied extracts only; not a representative sample, root-cause conclusion, execution authorization, or funded-benefit estimate."
107,C4-09,9,Issue case,P004189,P007166,Neither priority cohort,True,late_release_flag,Late-only,Late-only,9,1,2026-02-09,2026-02,AC0049,E014,Aurelius India,APAC,India,Pacific Crown,Legacy-D365,Payroll,API,Local transfer,USD,300866.5,1.0,300866.5,>$100k,5,False,False,False,False,True,0,1.5,Completed,True,True,True,True,0,none,0,0,15838.91,Exact four-field match,W3-PAY-PILOT-v3 · 2026-08-18,Purposive root-cause case-control review; not a prevalence or benefit sample,ACG-DATA / ANALYST-CALC / ANALYST-JUDGMENT,"ANALYST-JUDGMENT pilot design only; supplied extracts only; not a representative sample, root-cause conclusion, execution authorization, or funded-benefit estimate."
108,C4-09,9,Non-issue control,P007166,P004189,Neither priority cohort,False,none,Non-issue control,Late-only,0,0,2026-02-26,2026-02,AC0042,E012,Aurelius Japan,APAC,Japan,Union Atlantic,Legacy-D365,Collection,Host-to-host,Local transfer,USD,285027.59,1.0,285027.59,>$100k,5,False,False,False,False,False,0,1.5,Completed,True,True,True,True,0,none,0,0,15838.91,Exact four-field match,W3-PAY-PILOT-v3 · 2026-08-18,Purposive root-cause case-control review; not a prevalence or benefit sample,ACG-DATA / ANALYST-CALC / ANALYST-JUDGMENT,"ANALYST-JUDGMENT pilot design only; supplied extracts only; not a representative sample, root-cause conclusion, execution authorization, or funded-benefit estimate."
109,C4-10,10,Issue case,P002068,P002552,Neither priority cohort,True,late_release_flag,Late-only,Late-only,10,2,2026-06-04,2026-06,AC0025,E007,Aurelius France,EMEA,France,Meridian Commercial,SAP-S4,Operating,Spreadsheet,Tax,EUR,213656.07,1.09873967,234752.4,>$100k,5,False,False,False,False,True,0,1.5,Completed,True,True,True,True,0,none,0,0,26374.09,Exact four-field match,W3-PAY-PILOT-v3 · 2026-08-18,Purposive root-cause case-control review; not a prevalence or benefit sample,ACG-DATA / ANALYST-CALC / ANALYST-JUDGMENT,"ANALYST-JUDGMENT pilot design only; supplied extracts only; not a representative sample, root-cause conclusion, execution authorization, or funded-benefit estimate."
110,C4-10,10,Non-issue control,P002552,P002068,Neither priority cohort,False,none,Non-issue control,Late-only,0,0,2026-06-15,2026-06,AC0017,E005,Aurelius UK,EMEA,United Kingdom,Union Atlantic,SAP-S4,Operating,Spreadsheet,Tax,GBP,155111.25,1.34341197,208378.31,>$100k,5,False,False,False,False,False,0,1.5,Completed,True,True,True,True,0,none,0,0,26374.09,Exact four-field match,W3-PAY-PILOT-v3 · 2026-08-18,Purposive root-cause case-control review; not a prevalence or benefit sample,ACG-DATA / ANALYST-CALC / ANALYST-JUDGMENT,"ANALYST-JUDGMENT pilot design only; supplied extracts only; not a representative sample, root-cause conclusion, execution authorization, or funded-benefit estimate."
111,C4-11,11,Issue case,P006052,P006964,Neither priority cohort,True,late_release_flag,Late-only,Late-only,11,3,2026-02-25,2026-02,AC0008,E002,Aurelius Home US,NA,United States,Pacific Crown,Oracle-E1,Tax,Portal,Payroll,USD,231907.46,1.0,231907.46,>$100k,5,False,False,False,False,True,0,1.5,Completed,True,True,True,True,0,none,0,0,8111.64,Exact four-field match,W3-PAY-PILOT-v3 · 2026-08-18,Purposive root-cause case-control review; not a prevalence or benefit sample,ACG-DATA / ANALYST-CALC / ANALYST-JUDGMENT,"ANALYST-JUDGMENT pilot design only; supplied extracts only; not a representative sample, root-cause conclusion, execution authorization, or funded-benefit estimate."
112,C4-11,11,Non-issue control,P006964,P006052,Neither priority cohort,False,none,Non-issue control,Late-only,0,0,2026-02-13,2026-02,AC0007,E002,Aurelius Home US,NA,United States,Northbridge Bank,Oracle-E1,Payroll,Host-to-host,Payroll,USD,223795.82,1.0,223795.82,>$100k,5,False,False,False,False,False,0,1.5,Completed,True,True,True,True,0,none,0,0,8111.64,Exact four-field match,W3-PAY-PILOT-v3 · 2026-08-18,Purposive root-cause case-control review; not a prevalence or benefit sample,ACG-DATA / ANALYST-CALC / ANALYST-JUDGMENT,"ANALYST-JUDGMENT pilot design only; supplied extracts only; not a representative sample, root-cause conclusion, execution authorization, or funded-benefit estimate."
113,C4-12,12,Issue case,P001314,P006128,Neither priority cohort,True,late_release_flag,Late-only,Late-only,12,4,2026-03-05,2026-03,AC0021,E006,Aurelius Germany,EMEA,Germany,Continental Trust,SAP-S4,Operating,Spreadsheet,Wire,EUR,185997.92,1.1193372,208194.39,>$100k,5,False,False,False,False,True,0,19.5,Completed,True,True,True,True,0,none,0,0,57783.71,Exact four-field match,W3-PAY-PILOT-v3 · 2026-08-18,Purposive root-cause case-control review; not a prevalence or benefit sample,ACG-DATA / ANALYST-CALC / ANALYST-JUDGMENT,"ANALYST-JUDGMENT pilot design only; supplied extracts only; not a representative sample, root-cause conclusion, execution authorization, or funded-benefit estimate."
114,C4-12,12,Non-issue control,P006128,P001314,Neither priority cohort,False,none,Non-issue control,Late-only,0,0,2026-03-11,2026-03,AC0021,E006,Aurelius Germany,EMEA,Germany,Continental Trust,SAP-S4,Operating,Spreadsheet,Wire,EUR,134471.69,1.11853046,150410.68,>$100k,5,False,False,False,False,False,0,19.5,Completed,True,True,True,True,0,none,0,0,57783.71,Exact four-field match,W3-PAY-PILOT-v3 · 2026-08-18,Purposive root-cause case-control review; not a prevalence or benefit sample,ACG-DATA / ANALYST-CALC / ANALYST-JUDGMENT,"ANALYST-JUDGMENT pilot design only; supplied extracts only; not a representative sample, root-cause conclusion, execution authorization, or funded-benefit estimate."
115,C4-13,13,Issue case,P002646,P005591,Neither priority cohort,True,late_release_flag,Late-only,Late-only,13,5,2026-06-18,2026-06,AC0028,E008,Aurelius Netherlands,EMEA,Netherlands,Meridian Commercial,SAP-S4,Operating,Host-to-host,Payroll,EUR,144667.37,1.09524857,158446.73,>$100k,5,False,False,False,False,True,0,1.5,Completed,True,True,True,True,0,none,0,0,4548.2,Exact four-field match,W3-PAY-PILOT-v3 · 2026-08-18,Purposive root-cause case-control review; not a prevalence or benefit sample,ACG-DATA / ANALYST-CALC / ANALYST-JUDGMENT,"ANALYST-JUDGMENT pilot design only; supplied extracts only; not a representative sample, root-cause conclusion, execution authorization, or funded-benefit estimate."
116,C4-13,13,Non-issue control,P005591,P002646,Neither priority cohort,False,none,Non-issue control,Late-only,0,0,2026-06-11,2026-06,AC0019,E005,Aurelius UK,EMEA,United Kingdom,Union Atlantic,SAP-S4,Payroll,Host-to-host,Payroll,GBP,122825.74,1.32704212,162994.93,>$100k,5,False,False,False,False,False,0,1.5,Completed,True,True,True,True,0,none,0,0,4548.2,Exact four-field match,W3-PAY-PILOT-v3 · 2026-08-18,Purposive root-cause case-control review; not a prevalence or benefit sample,ACG-DATA / ANALYST-CALC / ANALYST-JUDGMENT,"ANALYST-JUDGMENT pilot design only; supplied extracts only; not a representative sample, root-cause conclusion, execution authorization, or funded-benefit estimate."
117,C4-14,14,Issue case,P002208,P001228,Neither priority cohort,True,late_release_flag,Late-only,Late-only,14,6,2026-06-01,2026-06,AC0053,E016,Aurelius Global Sourcing,APAC,Singapore,Pacific Crown,SAP-S4,Operating,API,Local transfer,USD,144653.4,1.0,144653.4,>$100k,5,False,False,False,False,True,0,1.5,Completed,True,True,True,True,0,none,0,0,39321.42,Exact four-field match,W3-PAY-PILOT-v3 · 2026-08-18,Purposive root-cause case-control review; not a prevalence or benefit sample,ACG-DATA / ANALYST-CALC / ANALYST-JUDGMENT,"ANALYST-JUDGMENT pilot design only; supplied extracts only; not a representative sample, root-cause conclusion, execution authorization, or funded-benefit estimate."
118,C4-14,14,Non-issue control,P001228,P002208,Neither priority cohort,False,none,Non-issue control,Late-only,0,0,2026-06-02,2026-06,AC0053,E016,Aurelius Global Sourcing,APAC,Singapore,Pacific Crown,SAP-S4,Operating,API,Local transfer,USD,183974.82,1.0,183974.82,>$100k,5,False,False,False,False,False,0,1.5,Completed,True,True,True,True,0,none,0,0,39321.42,Exact four-field match,W3-PAY-PILOT-v3 · 2026-08-18,Purposive root-cause case-control review; not a prevalence or benefit sample,ACG-DATA / ANALYST-CALC / ANALYST-JUDGMENT,"ANALYST-JUDGMENT pilot design only; supplied extracts only; not a representative sample, root-cause conclusion, execution authorization, or funded-benefit estimate."
119,C4-15,15,Issue case,P006412,P002948,Neither priority cohort,True,late_release_flag,Late-only,Late-only,15,7,2026-02-19,2026-02,AC0030,E008,Aurelius Netherlands,EMEA,Netherlands,Pacific Crown,SAP-S4,Payroll,API,Payroll,USD,124540.03,1.0,124540.03,>$100k,5,False,False,False,False,True,0,1.5,Completed,True,True,True,True,0,none,0,0,7027.61,Exact four-field match,W3-PAY-PILOT-v3 · 2026-08-18,Purposive root-cause case-control review; not a prevalence or benefit sample,ACG-DATA / ANALYST-CALC / ANALYST-JUDGMENT,"ANALYST-JUDGMENT pilot design only; supplied extracts only; not a representative sample, root-cause conclusion, execution authorization, or funded-benefit estimate."
120,C4-15,15,Non-issue control,P002948,P006412,Neither priority cohort,False,none,Non-issue control,Late-only,0,0,2026-02-02,2026-02,AC0025,E007,Aurelius France,EMEA,France,Meridian Commercial,SAP-S4,Operating,Spreadsheet,Payroll,EUR,106146.88,1.10707375,117512.42,>$100k,5,False,False,False,False,False,0,1.5,Completed,True,True,True,True,0,none,0,0,7027.61,Exact four-field match,W3-PAY-PILOT-v3 · 2026-08-18,Purposive root-cause case-control review; not a prevalence or benefit sample,ACG-DATA / ANALYST-CALC / ANALYST-JUDGMENT,"ANALYST-JUDGMENT pilot design only; supplied extracts only; not a representative sample, root-cause conclusion, execution authorization, or funded-benefit estimate."
