dimension,capability,current_score_1_to_5,target_score_1_to_5,evidence,confidence,decision_implication,priority_action
Strategy and governance,Treasury policy and decision rights,,,,,,
Organization,Global regional and local roles,,,,,,
Process,Cash positioning and forecasting,,,,,,
Process,Payments and exception management,,,,,,
Technology,Bank and ERP connectivity,,,,,,
Data,Reference data ownership and standards,,,,,,
Controls,Access approvals and resilience,,,,,,
Performance management,KPIs and benefits tracking,,,,,,

