date,currency,usd_per_unit
2026-01-01,USD,1.0
2026-01-02,USD,1.0
2026-01-03,USD,1.0
2026-01-04,USD,1.0
2026-01-05,USD,1.0
2026-01-06,USD,1.0
2026-01-07,USD,1.0
2026-01-08,USD,1.0
2026-01-09,USD,1.0
2026-01-10,USD,1.0
2026-01-11,USD,1.0
2026-01-12,USD,1.0
2026-01-13,USD,1.0
2026-01-14,USD,1.0
2026-01-15,USD,1.0
2026-01-16,USD,1.0
2026-01-17,USD,1.0
2026-01-18,USD,1.0
2026-01-19,USD,1.0
2026-01-20,USD,1.0
2026-01-21,USD,1.0
2026-01-22,USD,1.0
2026-01-23,USD,1.0
2026-01-24,USD,1.0
2026-01-25,USD,1.0
2026-01-26,USD,1.0
2026-01-27,USD,1.0
2026-01-28,USD,1.0
2026-01-29,USD,1.0
2026-01-30,USD,1.0
2026-01-31,USD,1.0
2026-02-01,USD,1.0
2026-02-02,USD,1.0
2026-02-03,USD,1.0
2026-02-04,USD,1.0
2026-02-05,USD,1.0
2026-02-06,USD,1.0
2026-02-07,USD,1.0
2026-02-08,USD,1.0
2026-02-09,USD,1.0
2026-02-10,USD,1.0
2026-02-11,USD,1.0
2026-02-12,USD,1.0
2026-02-13,USD,1.0
2026-02-14,USD,1.0
2026-02-15,USD,1.0
2026-02-16,USD,1.0
2026-02-17,USD,1.0
2026-02-18,USD,1.0
2026-02-19,USD,1.0
2026-02-20,USD,1.0
2026-02-21,USD,1.0
2026-02-22,USD,1.0
2026-02-23,USD,1.0
2026-02-24,USD,1.0
2026-02-25,USD,1.0
2026-02-26,USD,1.0
2026-02-27,USD,1.0
2026-02-28,USD,1.0
2026-03-01,USD,1.0
2026-03-02,USD,1.0
2026-03-03,USD,1.0
2026-03-04,USD,1.0
2026-03-05,USD,1.0
2026-03-06,USD,1.0
2026-03-07,USD,1.0
2026-03-08,USD,1.0
2026-03-09,USD,1.0
2026-03-10,USD,1.0
2026-03-11,USD,1.0
2026-03-12,USD,1.0
2026-03-13,USD,1.0
2026-03-14,USD,1.0
2026-03-15,USD,1.0
2026-03-16,USD,1.0
2026-03-17,USD,1.0
2026-03-18,USD,1.0
2026-03-19,USD,1.0
2026-03-20,USD,1.0
2026-03-21,USD,1.0
2026-03-22,USD,1.0
2026-03-23,USD,1.0
2026-03-24,USD,1.0
2026-03-25,USD,1.0
2026-03-26,USD,1.0
2026-03-27,USD,1.0
2026-03-28,USD,1.0
2026-03-29,USD,1.0
2026-03-30,USD,1.0
2026-03-31,USD,1.0
2026-04-01,USD,1.0
2026-04-02,USD,1.0
2026-04-03,USD,1.0
2026-04-04,USD,1.0
2026-04-05,USD,1.0
2026-04-06,USD,1.0
2026-04-07,USD,1.0
2026-04-08,USD,1.0
2026-04-09,USD,1.0
2026-04-10,USD,1.0
2026-04-11,USD,1.0
2026-04-12,USD,1.0
2026-04-13,USD,1.0
2026-04-14,USD,1.0
2026-04-15,USD,1.0
2026-04-16,USD,1.0
2026-04-17,USD,1.0
2026-04-18,USD,1.0
2026-04-19,USD,1.0
2026-04-20,USD,1.0
2026-04-21,USD,1.0
2026-04-22,USD,1.0
2026-04-23,USD,1.0
2026-04-24,USD,1.0
2026-04-25,USD,1.0
2026-04-26,USD,1.0
2026-04-27,USD,1.0
2026-04-28,USD,1.0
2026-04-29,USD,1.0
2026-04-30,USD,1.0
2026-05-01,USD,1.0
2026-05-02,USD,1.0
2026-05-03,USD,1.0
2026-05-04,USD,1.0
2026-05-05,USD,1.0
2026-05-06,USD,1.0
2026-05-07,USD,1.0
2026-05-08,USD,1.0
2026-05-09,USD,1.0
2026-05-10,USD,1.0
2026-05-11,USD,1.0
2026-05-12,USD,1.0
2026-05-13,USD,1.0
2026-05-14,USD,1.0
2026-05-15,USD,1.0
2026-05-16,USD,1.0
2026-05-17,USD,1.0
2026-05-18,USD,1.0
2026-05-19,USD,1.0
2026-05-20,USD,1.0
2026-05-21,USD,1.0
2026-05-22,USD,1.0
2026-05-23,USD,1.0
2026-05-24,USD,1.0
2026-05-25,USD,1.0
2026-05-26,USD,1.0
2026-05-27,USD,1.0
2026-05-28,USD,1.0
2026-05-29,USD,1.0
2026-05-30,USD,1.0
2026-05-31,USD,1.0
2026-06-01,USD,1.0
2026-06-02,USD,1.0
2026-06-03,USD,1.0
2026-06-04,USD,1.0
2026-06-05,USD,1.0
2026-06-06,USD,1.0
2026-06-07,USD,1.0
2026-06-08,USD,1.0
2026-06-09,USD,1.0
2026-06-10,USD,1.0
2026-06-11,USD,1.0
2026-06-12,USD,1.0
2026-06-13,USD,1.0
2026-06-14,USD,1.0
2026-06-15,USD,1.0
2026-06-16,USD,1.0
2026-06-17,USD,1.0
2026-06-18,USD,1.0
2026-06-19,USD,1.0
2026-06-20,USD,1.0
2026-06-21,USD,1.0
2026-06-22,USD,1.0
2026-06-23,USD,1.0
2026-06-24,USD,1.0
2026-06-25,USD,1.0
2026-06-26,USD,1.0
2026-06-27,USD,1.0
2026-06-28,USD,1.0
2026-06-29,USD,1.0
2026-06-30,USD,1.0
2026-01-01,CAD,0.74357632
2026-01-02,CAD,0.74507481
2026-01-03,CAD,0.74597049
2026-01-04,CAD,0.74620307
2026-01-05,CAD,0.74539908
2026-01-06,CAD,0.74664649
2026-01-07,CAD,0.7511332
2026-01-08,CAD,0.75079694
2026-01-09,CAD,0.74964637
2026-01-10,CAD,0.74613687
2026-01-11,CAD,0.7450244
2026-01-12,CAD,0.74468875
2026-01-13,CAD,0.74658647
2026-01-14,CAD,0.74560314
2026-01-15,CAD,0.74961577
2026-01-16,CAD,0.74514905
2026-01-17,CAD,0.74532737
2026-01-18,CAD,0.74433613
2026-01-19,CAD,0.74103666
2026-01-20,CAD,0.7432058
2026-01-21,CAD,0.7426457
2026-01-22,CAD,0.74206399
2026-01-23,CAD,0.74069084
2026-01-24,CAD,0.74404038
2026-01-25,CAD,0.74775428
2026-01-26,CAD,0.74665966
2026-01-27,CAD,0.74587979
2026-01-28,CAD,0.74545186
2026-01-29,CAD,0.74468064
2026-01-30,CAD,0.74269465
2026-01-31,CAD,0.74031982
2026-02-01,CAD,0.73868675
2026-02-02,CAD,0.73771288
2026-02-03,CAD,0.73620751
2026-02-04,CAD,0.73632973
2026-02-05,CAD,0.73586788
2026-02-06,CAD,0.73610285
2026-02-07,CAD,0.73690564
2026-02-08,CAD,0.73486289
2026-02-09,CAD,0.7346391
2026-02-10,CAD,0.73357573
2026-02-11,CAD,0.73198422
2026-02-12,CAD,0.73411424
2026-02-13,CAD,0.73306208
2026-02-14,CAD,0.73140597
2026-02-15,CAD,0.72822398
2026-02-16,CAD,0.72678021
2026-02-17,CAD,0.73049148
2026-02-18,CAD,0.73244694
2026-02-19,CAD,0.73289581
2026-02-20,CAD,0.73245352
2026-02-21,CAD,0.72949366
2026-02-22,CAD,0.72768389
2026-02-23,CAD,0.72741226
2026-02-24,CAD,0.72555505
2026-02-25,CAD,0.73061918
2026-02-26,CAD,0.73226984
2026-02-27,CAD,0.73455297
2026-02-28,CAD,0.73432256
2026-03-01,CAD,0.73503402
2026-03-02,CAD,0.73724649
2026-03-03,CAD,0.73944886
2026-03-04,CAD,0.7371186
2026-03-05,CAD,0.73762382
2026-03-06,CAD,0.73552446
2026-03-07,CAD,0.73473186
2026-03-08,CAD,0.735187
2026-03-09,CAD,0.73440818
2026-03-10,CAD,0.73763209
2026-03-11,CAD,0.73575278
2026-03-12,CAD,0.73480178
2026-03-13,CAD,0.73714168
2026-03-14,CAD,0.73441787
2026-03-15,CAD,0.73500332
2026-03-16,CAD,0.73579813
2026-03-17,CAD,0.73485173
2026-03-18,CAD,0.73726601
2026-03-19,CAD,0.73686501
2026-03-20,CAD,0.74060291
2026-03-21,CAD,0.74376484
2026-03-22,CAD,0.74461033
2026-03-23,CAD,0.74603163
2026-03-24,CAD,0.74527849
2026-03-25,CAD,0.746062
2026-03-26,CAD,0.74805291
2026-03-27,CAD,0.74617844
2026-03-28,CAD,0.74549584
2026-03-29,CAD,0.74713791
2026-03-30,CAD,0.74356552
2026-03-31,CAD,0.74250729
2026-04-01,CAD,0.7433892
2026-04-02,CAD,0.74171748
2026-04-03,CAD,0.74323413
2026-04-04,CAD,0.74338022
2026-04-05,CAD,0.74480147
2026-04-06,CAD,0.74360563
2026-04-07,CAD,0.74501954
2026-04-08,CAD,0.74280791
2026-04-09,CAD,0.74375523
2026-04-10,CAD,0.74137311
2026-04-11,CAD,0.74201934
2026-04-12,CAD,0.73883972
2026-04-13,CAD,0.7390775
2026-04-14,CAD,0.73912893
2026-04-15,CAD,0.74099239
2026-04-16,CAD,0.74293288
2026-04-17,CAD,0.74574635
2026-04-18,CAD,0.74345276
2026-04-19,CAD,0.74079306
2026-04-20,CAD,0.74196175
2026-04-21,CAD,0.74236885
2026-04-22,CAD,0.74122778
2026-04-23,CAD,0.74138206
2026-04-24,CAD,0.74177296
2026-04-25,CAD,0.74012047
2026-04-26,CAD,0.73417856
2026-04-27,CAD,0.73416746
2026-04-28,CAD,0.73146264
2026-04-29,CAD,0.73189187
2026-04-30,CAD,0.73175298
2026-05-01,CAD,0.73014002
2026-05-02,CAD,0.7328338
2026-05-03,CAD,0.73391748
2026-05-04,CAD,0.73700788
2026-05-05,CAD,0.73531385
2026-05-06,CAD,0.73412651
2026-05-07,CAD,0.73608847
2026-05-08,CAD,0.73993482
2026-05-09,CAD,0.74011182
2026-05-10,CAD,0.74265407
2026-05-11,CAD,0.74402766
2026-05-12,CAD,0.74468357
2026-05-13,CAD,0.74549286
2026-05-14,CAD,0.74537266
2026-05-15,CAD,0.74262229
2026-05-16,CAD,0.73945213
2026-05-17,CAD,0.73873336
2026-05-18,CAD,0.74045328
2026-05-19,CAD,0.74146377
2026-05-20,CAD,0.73913138
2026-05-21,CAD,0.74168209
2026-05-22,CAD,0.74396636
2026-05-23,CAD,0.74356732
2026-05-24,CAD,0.74141062
2026-05-25,CAD,0.74038664
2026-05-26,CAD,0.74050015
2026-05-27,CAD,0.74087543
2026-05-28,CAD,0.74376724
2026-05-29,CAD,0.74437113
2026-05-30,CAD,0.7451065
2026-05-31,CAD,0.74544076
2026-06-01,CAD,0.74548704
2026-06-02,CAD,0.74577049
2026-06-03,CAD,0.74335919
2026-06-04,CAD,0.74231736
2026-06-05,CAD,0.74170733
2026-06-06,CAD,0.73988162
2026-06-07,CAD,0.74318364
2026-06-08,CAD,0.7400667
2026-06-09,CAD,0.73940678
2026-06-10,CAD,0.7370872
2026-06-11,CAD,0.73675807
2026-06-12,CAD,0.73724769
2026-06-13,CAD,0.73611517
2026-06-14,CAD,0.73626967
2026-06-15,CAD,0.73732159
2026-06-16,CAD,0.73676182
2026-06-17,CAD,0.73985517
2026-06-18,CAD,0.74036696
2026-06-19,CAD,0.73683958
2026-06-20,CAD,0.7405334
2026-06-21,CAD,0.73872347
2026-06-22,CAD,0.73442314
2026-06-23,CAD,0.73686872
2026-06-24,CAD,0.73550406
2026-06-25,CAD,0.73382651
2026-06-26,CAD,0.73089475
2026-06-27,CAD,0.72855591
2026-06-28,CAD,0.72622984
2026-06-29,CAD,0.7285463
2026-06-30,CAD,0.72921308
2026-01-01,GBP,1.26903464
2026-01-02,GBP,1.27099305
2026-01-03,GBP,1.27338349
2026-01-04,GBP,1.27624195
2026-01-05,GBP,1.2765828
2026-01-06,GBP,1.27870252
2026-01-07,GBP,1.27852556
2026-01-08,GBP,1.27893492
2026-01-09,GBP,1.28459731
2026-01-10,GBP,1.28270516
2026-01-11,GBP,1.27740339
2026-01-12,GBP,1.27665885
2026-01-13,GBP,1.28090377
2026-01-14,GBP,1.28386198
2026-01-15,GBP,1.27930777
2026-01-16,GBP,1.28279702
2026-01-17,GBP,1.28012972
2026-01-18,GBP,1.27934036
2026-01-19,GBP,1.27903902
2026-01-20,GBP,1.27968954
2026-01-21,GBP,1.27986489
2026-01-22,GBP,1.27944294
2026-01-23,GBP,1.27813155
2026-01-24,GBP,1.27716576
2026-01-25,GBP,1.2782111
2026-01-26,GBP,1.27340651
2026-01-27,GBP,1.27884253
2026-01-28,GBP,1.27960382
2026-01-29,GBP,1.28317793
2026-01-30,GBP,1.2874951
2026-01-31,GBP,1.28491919
2026-02-01,GBP,1.28724107
2026-02-02,GBP,1.28568417
2026-02-03,GBP,1.29090667
2026-02-04,GBP,1.29043159
2026-02-05,GBP,1.30039531
2026-02-06,GBP,1.29722831
2026-02-07,GBP,1.29323695
2026-02-08,GBP,1.2877204
2026-02-09,GBP,1.28962824
2026-02-10,GBP,1.28995552
2026-02-11,GBP,1.2926233
2026-02-12,GBP,1.29545484
2026-02-13,GBP,1.29858507
2026-02-14,GBP,1.29527416
2026-02-15,GBP,1.29225321
2026-02-16,GBP,1.29015771
2026-02-17,GBP,1.29008448
2026-02-18,GBP,1.29125727
2026-02-19,GBP,1.29337797
2026-02-20,GBP,1.2951435
2026-02-21,GBP,1.29702634
2026-02-22,GBP,1.29892167
2026-02-23,GBP,1.29715666
2026-02-24,GBP,1.29460384
2026-02-25,GBP,1.29508748
2026-02-26,GBP,1.29396963
2026-02-27,GBP,1.29034584
2026-02-28,GBP,1.29489645
2026-03-01,GBP,1.28932489
2026-03-02,GBP,1.29375953
2026-03-03,GBP,1.29518919
2026-03-04,GBP,1.29849518
2026-03-05,GBP,1.29894938
2026-03-06,GBP,1.29820871
2026-03-07,GBP,1.29650718
2026-03-08,GBP,1.29396758
2026-03-09,GBP,1.29207008
2026-03-10,GBP,1.29465804
2026-03-11,GBP,1.30048639
2026-03-12,GBP,1.29683112
2026-03-13,GBP,1.29319736
2026-03-14,GBP,1.29582624
2026-03-15,GBP,1.29618172
2026-03-16,GBP,1.29722919
2026-03-17,GBP,1.29532116
2026-03-18,GBP,1.29605688
2026-03-19,GBP,1.29967828
2026-03-20,GBP,1.29516826
2026-03-21,GBP,1.29101949
2026-03-22,GBP,1.29221195
2026-03-23,GBP,1.29706364
2026-03-24,GBP,1.29513917
2026-03-25,GBP,1.29365812
2026-03-26,GBP,1.29368728
2026-03-27,GBP,1.29223232
2026-03-28,GBP,1.28678708
2026-03-29,GBP,1.28565255
2026-03-30,GBP,1.2921879
2026-03-31,GBP,1.29022276
2026-04-01,GBP,1.29676032
2026-04-02,GBP,1.30131129
2026-04-03,GBP,1.30724466
2026-04-04,GBP,1.30620362
2026-04-05,GBP,1.30706486
2026-04-06,GBP,1.30342568
2026-04-07,GBP,1.30536319
2026-04-08,GBP,1.3053639
2026-04-09,GBP,1.30387163
2026-04-10,GBP,1.30763079
2026-04-11,GBP,1.30784921
2026-04-12,GBP,1.30247619
2026-04-13,GBP,1.30363739
2026-04-14,GBP,1.30588776
2026-04-15,GBP,1.30479316
2026-04-16,GBP,1.31017149
2026-04-17,GBP,1.30807978
2026-04-18,GBP,1.30746424
2026-04-19,GBP,1.3048874
2026-04-20,GBP,1.30736967
2026-04-21,GBP,1.30541581
2026-04-22,GBP,1.30878066
2026-04-23,GBP,1.30778857
2026-04-24,GBP,1.31225935
2026-04-25,GBP,1.30672118
2026-04-26,GBP,1.30490216
2026-04-27,GBP,1.30624789
2026-04-28,GBP,1.31252855
2026-04-29,GBP,1.31180569
2026-04-30,GBP,1.31183397
2026-05-01,GBP,1.31262217
2026-05-02,GBP,1.31236853
2026-05-03,GBP,1.31409318
2026-05-04,GBP,1.31878279
2026-05-05,GBP,1.31665971
2026-05-06,GBP,1.31403826
2026-05-07,GBP,1.31691574
2026-05-08,GBP,1.31869036
2026-05-09,GBP,1.31933784
2026-05-10,GBP,1.32038308
2026-05-11,GBP,1.32291493
2026-05-12,GBP,1.32154451
2026-05-13,GBP,1.31980004
2026-05-14,GBP,1.31384572
2026-05-15,GBP,1.31396654
2026-05-16,GBP,1.3137365
2026-05-17,GBP,1.32323088
2026-05-18,GBP,1.32355804
2026-05-19,GBP,1.32828157
2026-05-20,GBP,1.33115268
2026-05-21,GBP,1.33006088
2026-05-22,GBP,1.33821802
2026-05-23,GBP,1.34228838
2026-05-24,GBP,1.34100263
2026-05-25,GBP,1.33740123
2026-05-26,GBP,1.33358838
2026-05-27,GBP,1.33476325
2026-05-28,GBP,1.32884421
2026-05-29,GBP,1.32794382
2026-05-30,GBP,1.33059209
2026-05-31,GBP,1.32885283
2026-06-01,GBP,1.32908071
2026-06-02,GBP,1.32931886
2026-06-03,GBP,1.32936408
2026-06-04,GBP,1.32828598
2026-06-05,GBP,1.33030891
2026-06-06,GBP,1.33134043
2026-06-07,GBP,1.32605579
2026-06-08,GBP,1.32865625
2026-06-09,GBP,1.33030904
2026-06-10,GBP,1.32727139
2026-06-11,GBP,1.32704212
2026-06-12,GBP,1.33046319
2026-06-13,GBP,1.33469771
2026-06-14,GBP,1.34309046
2026-06-15,GBP,1.34341197
2026-06-16,GBP,1.34174454
2026-06-17,GBP,1.34432152
2026-06-18,GBP,1.34699075
2026-06-19,GBP,1.34689142
2026-06-20,GBP,1.3458331
2026-06-21,GBP,1.3451419
2026-06-22,GBP,1.3434666
2026-06-23,GBP,1.34097991
2026-06-24,GBP,1.3367831
2026-06-25,GBP,1.33278757
2026-06-26,GBP,1.33781802
2026-06-27,GBP,1.34028269
2026-06-28,GBP,1.34215756
2026-06-29,GBP,1.34183395
2026-06-30,GBP,1.3434209
2026-01-01,EUR,1.08668048
2026-01-02,EUR,1.08836184
2026-01-03,EUR,1.08984977
2026-01-04,EUR,1.09086772
2026-01-05,EUR,1.08999474
2026-01-06,EUR,1.09553643
2026-01-07,EUR,1.09902497
2026-01-08,EUR,1.09938516
2026-01-09,EUR,1.10465526
2026-01-10,EUR,1.10778959
2026-01-11,EUR,1.10790988
2026-01-12,EUR,1.10536929
2026-01-13,EUR,1.10751847
2026-01-14,EUR,1.10801786
2026-01-15,EUR,1.10764018
2026-01-16,EUR,1.10891121
2026-01-17,EUR,1.10099068
2026-01-18,EUR,1.10540339
2026-01-19,EUR,1.10744924
2026-01-20,EUR,1.10987067
2026-01-21,EUR,1.10949401
2026-01-22,EUR,1.10745227
2026-01-23,EUR,1.10618594
2026-01-24,EUR,1.10594364
2026-01-25,EUR,1.10356161
2026-01-26,EUR,1.10085639
2026-01-27,EUR,1.09762119
2026-01-28,EUR,1.09735412
2026-01-29,EUR,1.09764419
2026-01-30,EUR,1.09925543
2026-01-31,EUR,1.10027433
2026-02-01,EUR,1.10333948
2026-02-02,EUR,1.10707375
2026-02-03,EUR,1.10976073
2026-02-04,EUR,1.11028539
2026-02-05,EUR,1.11522833
2026-02-06,EUR,1.11899921
2026-02-07,EUR,1.11864004
2026-02-08,EUR,1.11714165
2026-02-09,EUR,1.12014133
2026-02-10,EUR,1.12433831
2026-02-11,EUR,1.12449694
2026-02-12,EUR,1.12565255
2026-02-13,EUR,1.12327006
2026-02-14,EUR,1.12439159
2026-02-15,EUR,1.12760214
2026-02-16,EUR,1.13322129
2026-02-17,EUR,1.13288108
2026-02-18,EUR,1.1360495
2026-02-19,EUR,1.13245838
2026-02-20,EUR,1.13156155
2026-02-21,EUR,1.12912898
2026-02-22,EUR,1.12824851
2026-02-23,EUR,1.12672669
2026-02-24,EUR,1.12395159
2026-02-25,EUR,1.1259146
2026-02-26,EUR,1.12960638
2026-02-27,EUR,1.13207582
2026-02-28,EUR,1.13291633
2026-03-01,EUR,1.13187841
2026-03-02,EUR,1.12868302
2026-03-03,EUR,1.12879034
2026-03-04,EUR,1.12466804
2026-03-05,EUR,1.1193372
2026-03-06,EUR,1.12267552
2026-03-07,EUR,1.11680832
2026-03-08,EUR,1.11794144
2026-03-09,EUR,1.12027698
2026-03-10,EUR,1.1240203
2026-03-11,EUR,1.11853046
2026-03-12,EUR,1.11773692
2026-03-13,EUR,1.118627
2026-03-14,EUR,1.11722091
2026-03-15,EUR,1.11738683
2026-03-16,EUR,1.11495926
2026-03-17,EUR,1.11711266
2026-03-18,EUR,1.11858632
2026-03-19,EUR,1.11871999
2026-03-20,EUR,1.11713007
2026-03-21,EUR,1.11684275
2026-03-22,EUR,1.11679907
2026-03-23,EUR,1.11428415
2026-03-24,EUR,1.1121296
2026-03-25,EUR,1.11368209
2026-03-26,EUR,1.11763653
2026-03-27,EUR,1.11472279
2026-03-28,EUR,1.11405153
2026-03-29,EUR,1.11044311
2026-03-30,EUR,1.10182276
2026-03-31,EUR,1.10062578
2026-04-01,EUR,1.10172133
2026-04-02,EUR,1.10812259
2026-04-03,EUR,1.10779574
2026-04-04,EUR,1.10713212
2026-04-05,EUR,1.10983269
2026-04-06,EUR,1.10712541
2026-04-07,EUR,1.10802885
2026-04-08,EUR,1.10432665
2026-04-09,EUR,1.10449337
2026-04-10,EUR,1.10015428
2026-04-11,EUR,1.10034588
2026-04-12,EUR,1.09618104
2026-04-13,EUR,1.09333189
2026-04-14,EUR,1.09473096
2026-04-15,EUR,1.09409065
2026-04-16,EUR,1.09666154
2026-04-17,EUR,1.09313217
2026-04-18,EUR,1.09547057
2026-04-19,EUR,1.09563118
2026-04-20,EUR,1.09698329
2026-04-21,EUR,1.09806686
2026-04-22,EUR,1.1042127
2026-04-23,EUR,1.10667682
2026-04-24,EUR,1.11013925
2026-04-25,EUR,1.10538743
2026-04-26,EUR,1.10788272
2026-04-27,EUR,1.10491228
2026-04-28,EUR,1.10344519
2026-04-29,EUR,1.1054958
2026-04-30,EUR,1.11106397
2026-05-01,EUR,1.11072773
2026-05-02,EUR,1.109686
2026-05-03,EUR,1.10744069
2026-05-04,EUR,1.1084809
2026-05-05,EUR,1.10227641
2026-05-06,EUR,1.09869558
2026-05-07,EUR,1.09906066
2026-05-08,EUR,1.09945566
2026-05-09,EUR,1.10169967
2026-05-10,EUR,1.10192743
2026-05-11,EUR,1.1023434
2026-05-12,EUR,1.101465
2026-05-13,EUR,1.10240384
2026-05-14,EUR,1.09914781
2026-05-15,EUR,1.09555428
2026-05-16,EUR,1.09329488
2026-05-17,EUR,1.08993051
2026-05-18,EUR,1.09154849
2026-05-19,EUR,1.09113947
2026-05-20,EUR,1.0935297
2026-05-21,EUR,1.08917025
2026-05-22,EUR,1.09104102
2026-05-23,EUR,1.08960033
2026-05-24,EUR,1.0900116
2026-05-25,EUR,1.0860574
2026-05-26,EUR,1.08355677
2026-05-27,EUR,1.08530639
2026-05-28,EUR,1.09030132
2026-05-29,EUR,1.09456232
2026-05-30,EUR,1.09263332
2026-05-31,EUR,1.08946106
2026-06-01,EUR,1.09695877
2026-06-02,EUR,1.09791576
2026-06-03,EUR,1.09784329
2026-06-04,EUR,1.09873967
2026-06-05,EUR,1.10045644
2026-06-06,EUR,1.0958372
2026-06-07,EUR,1.09389183
2026-06-08,EUR,1.09389697
2026-06-09,EUR,1.09405859
2026-06-10,EUR,1.0947006
2026-06-11,EUR,1.09201023
2026-06-12,EUR,1.08826002
2026-06-13,EUR,1.09165754
2026-06-14,EUR,1.09163511
2026-06-15,EUR,1.09098206
2026-06-16,EUR,1.09161797
2026-06-17,EUR,1.09279903
2026-06-18,EUR,1.09524857
2026-06-19,EUR,1.09193214
2026-06-20,EUR,1.09304152
2026-06-21,EUR,1.09305416
2026-06-22,EUR,1.09607321
2026-06-23,EUR,1.09030237
2026-06-24,EUR,1.09174162
2026-06-25,EUR,1.09974417
2026-06-26,EUR,1.09819779
2026-06-27,EUR,1.09905408
2026-06-28,EUR,1.10365986
2026-06-29,EUR,1.10314668
2026-06-30,EUR,1.10785821
2026-01-01,SGD,0.75055284
2026-01-02,SGD,0.75181649
2026-01-03,SGD,0.75224037
2026-01-04,SGD,0.7497184
2026-01-05,SGD,0.75082379
2026-01-06,SGD,0.75041876
2026-01-07,SGD,0.75246781
2026-01-08,SGD,0.75154187
2026-01-09,SGD,0.75124729
2026-01-10,SGD,0.75027395
2026-01-11,SGD,0.75102141
2026-01-12,SGD,0.75241638
2026-01-13,SGD,0.75260452
2026-01-14,SGD,0.75469266
2026-01-15,SGD,0.75487551
2026-01-16,SGD,0.75672105
2026-01-17,SGD,0.75707677
2026-01-18,SGD,0.75715653
2026-01-19,SGD,0.75707458
2026-01-20,SGD,0.75396961
2026-01-21,SGD,0.75256825
2026-01-22,SGD,0.75550661
2026-01-23,SGD,0.75519637
2026-01-24,SGD,0.75838855
2026-01-25,SGD,0.75894085
2026-01-26,SGD,0.76116659
2026-01-27,SGD,0.75771757
2026-01-28,SGD,0.75931785
2026-01-29,SGD,0.75993938
2026-01-30,SGD,0.75919709
2026-01-31,SGD,0.7575491
2026-02-01,SGD,0.75885318
2026-02-02,SGD,0.7613571
2026-02-03,SGD,0.75978286
2026-02-04,SGD,0.7592126
2026-02-05,SGD,0.75794081
2026-02-06,SGD,0.75748594
2026-02-07,SGD,0.75766479
2026-02-08,SGD,0.75789577
2026-02-09,SGD,0.75974467
2026-02-10,SGD,0.76083245
2026-02-11,SGD,0.75639713
2026-02-12,SGD,0.75287976
2026-02-13,SGD,0.75253359
2026-02-14,SGD,0.74939256
2026-02-15,SGD,0.7466933
2026-02-16,SGD,0.74786303
2026-02-17,SGD,0.74992131
2026-02-18,SGD,0.74577451
2026-02-19,SGD,0.74594421
2026-02-20,SGD,0.74305694
2026-02-21,SGD,0.74242584
2026-02-22,SGD,0.74353713
2026-02-23,SGD,0.74477078
2026-02-24,SGD,0.74192482
2026-02-25,SGD,0.74191891
2026-02-26,SGD,0.74275901
2026-02-27,SGD,0.74186595
2026-02-28,SGD,0.7440094
2026-03-01,SGD,0.74535362
2026-03-02,SGD,0.75100866
2026-03-03,SGD,0.75419333
2026-03-04,SGD,0.75249672
2026-03-05,SGD,0.75091792
2026-03-06,SGD,0.74988157
2026-03-07,SGD,0.75150871
2026-03-08,SGD,0.7472319
2026-03-09,SGD,0.74602266
2026-03-10,SGD,0.74703601
2026-03-11,SGD,0.74580589
2026-03-12,SGD,0.74702159
2026-03-13,SGD,0.74309128
2026-03-14,SGD,0.74521129
2026-03-15,SGD,0.74493286
2026-03-16,SGD,0.74772362
2026-03-17,SGD,0.74696118
2026-03-18,SGD,0.74584424
2026-03-19,SGD,0.74678719
2026-03-20,SGD,0.7447894
2026-03-21,SGD,0.74437025
2026-03-22,SGD,0.74838007
2026-03-23,SGD,0.7506179
2026-03-24,SGD,0.753758
2026-03-25,SGD,0.75361366
2026-03-26,SGD,0.75295416
2026-03-27,SGD,0.75340657
2026-03-28,SGD,0.75452433
2026-03-29,SGD,0.75289382
2026-03-30,SGD,0.75061932
2026-03-31,SGD,0.75340032
2026-04-01,SGD,0.75516478
2026-04-02,SGD,0.75332096
2026-04-03,SGD,0.75164991
2026-04-04,SGD,0.75093808
2026-04-05,SGD,0.75026749
2026-04-06,SGD,0.74729312
2026-04-07,SGD,0.74746885
2026-04-08,SGD,0.74567172
2026-04-09,SGD,0.74487881
2026-04-10,SGD,0.74544407
2026-04-11,SGD,0.74703505
2026-04-12,SGD,0.7489394
2026-04-13,SGD,0.75063428
2026-04-14,SGD,0.74884597
2026-04-15,SGD,0.75075197
2026-04-16,SGD,0.75306836
2026-04-17,SGD,0.75647177
2026-04-18,SGD,0.75614326
2026-04-19,SGD,0.75284494
2026-04-20,SGD,0.75447876
2026-04-21,SGD,0.75551942
2026-04-22,SGD,0.75593045
2026-04-23,SGD,0.75556099
2026-04-24,SGD,0.75568563
2026-04-25,SGD,0.75641924
2026-04-26,SGD,0.75472143
2026-04-27,SGD,0.75355856
2026-04-28,SGD,0.75365623
2026-04-29,SGD,0.75544133
2026-04-30,SGD,0.75673084
2026-05-01,SGD,0.75716072
2026-05-02,SGD,0.75837516
2026-05-03,SGD,0.75551046
2026-05-04,SGD,0.75410105
2026-05-05,SGD,0.75624392
2026-05-06,SGD,0.75498927
2026-05-07,SGD,0.75406206
2026-05-08,SGD,0.75573645
2026-05-09,SGD,0.75663846
2026-05-10,SGD,0.75594443
2026-05-11,SGD,0.75532884
2026-05-12,SGD,0.75396607
2026-05-13,SGD,0.75348237
2026-05-14,SGD,0.74915286
2026-05-15,SGD,0.74993352
2026-05-16,SGD,0.75110738
2026-05-17,SGD,0.75086592
2026-05-18,SGD,0.74917544
2026-05-19,SGD,0.7500549
2026-05-20,SGD,0.74862919
2026-05-21,SGD,0.74906367
2026-05-22,SGD,0.75239337
2026-05-23,SGD,0.75013738
2026-05-24,SGD,0.74910666
2026-05-25,SGD,0.74615749
2026-05-26,SGD,0.74598716
2026-05-27,SGD,0.74596479
2026-05-28,SGD,0.74572358
2026-05-29,SGD,0.74398018
2026-05-30,SGD,0.74347105
2026-05-31,SGD,0.74409483
2026-06-01,SGD,0.74294981
2026-06-02,SGD,0.74119953
2026-06-03,SGD,0.74189266
2026-06-04,SGD,0.74532652
2026-06-05,SGD,0.74378564
2026-06-06,SGD,0.74473353
2026-06-07,SGD,0.74246877
2026-06-08,SGD,0.74269653
2026-06-09,SGD,0.74277379
2026-06-10,SGD,0.7418334
2026-06-11,SGD,0.74045682
2026-06-12,SGD,0.73864331
2026-06-13,SGD,0.73550811
2026-06-14,SGD,0.7371764
2026-06-15,SGD,0.73788146
2026-06-16,SGD,0.73573719
2026-06-17,SGD,0.73590856
2026-06-18,SGD,0.73622612
2026-06-19,SGD,0.73290161
2026-06-20,SGD,0.73273102
2026-06-21,SGD,0.73309445
2026-06-22,SGD,0.73639134
2026-06-23,SGD,0.73830982
2026-06-24,SGD,0.74022952
2026-06-25,SGD,0.74188867
2026-06-26,SGD,0.74502812
2026-06-27,SGD,0.74432879
2026-06-28,SGD,0.74419398
2026-06-29,SGD,0.74453654
2026-06-30,SGD,0.74428043
2026-01-01,AUD,0.66274507
2026-01-02,AUD,0.66384746
2026-01-03,AUD,0.66255471
2026-01-04,AUD,0.6637501
2026-01-05,AUD,0.66270151
2026-01-06,AUD,0.66193636
2026-01-07,AUD,0.66369511
2026-01-08,AUD,0.66460259
2026-01-09,AUD,0.66736883
2026-01-10,AUD,0.66745693
2026-01-11,AUD,0.66590655
2026-01-12,AUD,0.66472066
2026-01-13,AUD,0.66438712
2026-01-14,AUD,0.66401003
2026-01-15,AUD,0.66252187
2026-01-16,AUD,0.66316212
2026-01-17,AUD,0.66439791
2026-01-18,AUD,0.66509185
2026-01-19,AUD,0.66422488
2026-01-20,AUD,0.66199511
2026-01-21,AUD,0.66188762
2026-01-22,AUD,0.66256322
2026-01-23,AUD,0.66092408
2026-01-24,AUD,0.66006343
2026-01-25,AUD,0.66094036
2026-01-26,AUD,0.66056398
2026-01-27,AUD,0.6599275
2026-01-28,AUD,0.6610067
2026-01-29,AUD,0.66074744
2026-01-30,AUD,0.6574797
2026-01-31,AUD,0.65573555
2026-02-01,AUD,0.65545848
2026-02-02,AUD,0.65250411
2026-02-03,AUD,0.65258913
2026-02-04,AUD,0.65360375
2026-02-05,AUD,0.65426215
2026-02-06,AUD,0.65324826
2026-02-07,AUD,0.6511925
2026-02-08,AUD,0.65106603
2026-02-09,AUD,0.65011136
2026-02-10,AUD,0.64958153
2026-02-11,AUD,0.64628201
2026-02-12,AUD,0.65197793
2026-02-13,AUD,0.65187365
2026-02-14,AUD,0.65551042
2026-02-15,AUD,0.65288223
2026-02-16,AUD,0.65176717
2026-02-17,AUD,0.65172142
2026-02-18,AUD,0.65130877
2026-02-19,AUD,0.64963369
2026-02-20,AUD,0.64554182
2026-02-21,AUD,0.64590352
2026-02-22,AUD,0.64848118
2026-02-23,AUD,0.6482807
2026-02-24,AUD,0.64543658
2026-02-25,AUD,0.64563145
2026-02-26,AUD,0.64539897
2026-02-27,AUD,0.64709234
2026-02-28,AUD,0.64799355
2026-03-01,AUD,0.64821049
2026-03-02,AUD,0.64751796
2026-03-03,AUD,0.65151783
2026-03-04,AUD,0.65318538
2026-03-05,AUD,0.65347644
2026-03-06,AUD,0.65422402
2026-03-07,AUD,0.65254043
2026-03-08,AUD,0.65278166
2026-03-09,AUD,0.65526122
2026-03-10,AUD,0.6547092
2026-03-11,AUD,0.65511994
2026-03-12,AUD,0.65384519
2026-03-13,AUD,0.65172162
2026-03-14,AUD,0.64978953
2026-03-15,AUD,0.64795005
2026-03-16,AUD,0.64709151
2026-03-17,AUD,0.64554858
2026-03-18,AUD,0.64515339
2026-03-19,AUD,0.6442324
2026-03-20,AUD,0.64343737
2026-03-21,AUD,0.64643346
2026-03-22,AUD,0.64640416
2026-03-23,AUD,0.64770534
2026-03-24,AUD,0.64872743
2026-03-25,AUD,0.64926801
2026-03-26,AUD,0.64941556
2026-03-27,AUD,0.65128105
2026-03-28,AUD,0.65246299
2026-03-29,AUD,0.65137744
2026-03-30,AUD,0.65444561
2026-03-31,AUD,0.65348629
2026-04-01,AUD,0.65584989
2026-04-02,AUD,0.65548731
2026-04-03,AUD,0.65552799
2026-04-04,AUD,0.65702469
2026-04-05,AUD,0.6582879
2026-04-06,AUD,0.6582572
2026-04-07,AUD,0.65701037
2026-04-08,AUD,0.65568168
2026-04-09,AUD,0.65517323
2026-04-10,AUD,0.65387233
2026-04-11,AUD,0.65431737
2026-04-12,AUD,0.65550352
2026-04-13,AUD,0.65518395
2026-04-14,AUD,0.65351991
2026-04-15,AUD,0.6535166
2026-04-16,AUD,0.65187893
2026-04-17,AUD,0.65623268
2026-04-18,AUD,0.65537634
2026-04-19,AUD,0.65616106
2026-04-20,AUD,0.6559309
2026-04-21,AUD,0.65473402
2026-04-22,AUD,0.65524878
2026-04-23,AUD,0.65663445
2026-04-24,AUD,0.65548312
2026-04-25,AUD,0.65358688
2026-04-26,AUD,0.65222767
2026-04-27,AUD,0.65193058
2026-04-28,AUD,0.65274259
2026-04-29,AUD,0.65037469
2026-04-30,AUD,0.65163255
2026-05-01,AUD,0.6481904
2026-05-02,AUD,0.64596403
2026-05-03,AUD,0.64292698
2026-05-04,AUD,0.6432806
2026-05-05,AUD,0.64172219
2026-05-06,AUD,0.63858855
2026-05-07,AUD,0.63942475
2026-05-08,AUD,0.63620427
2026-05-09,AUD,0.6347218
2026-05-10,AUD,0.63262466
2026-05-11,AUD,0.63239286
2026-05-12,AUD,0.63375797
2026-05-13,AUD,0.63427409
2026-05-14,AUD,0.63464858
2026-05-15,AUD,0.63284746
2026-05-16,AUD,0.63091685
2026-05-17,AUD,0.62830511
2026-05-18,AUD,0.62590502
2026-05-19,AUD,0.62513407
2026-05-20,AUD,0.62307309
2026-05-21,AUD,0.62486591
2026-05-22,AUD,0.62436574
2026-05-23,AUD,0.62413761
2026-05-24,AUD,0.62865935
2026-05-25,AUD,0.62707567
2026-05-26,AUD,0.62972372
2026-05-27,AUD,0.63060659
2026-05-28,AUD,0.63006842
2026-05-29,AUD,0.63109153
2026-05-30,AUD,0.63070495
2026-05-31,AUD,0.6286675
2026-06-01,AUD,0.62889111
2026-06-02,AUD,0.63280706
2026-06-03,AUD,0.63235296
2026-06-04,AUD,0.63468138
2026-06-05,AUD,0.6337139
2026-06-06,AUD,0.6346473
2026-06-07,AUD,0.63652629
2026-06-08,AUD,0.63984541
2026-06-09,AUD,0.63850588
2026-06-10,AUD,0.6379175
2026-06-11,AUD,0.63828586
2026-06-12,AUD,0.63619054
2026-06-13,AUD,0.63849832
2026-06-14,AUD,0.63968553
2026-06-15,AUD,0.63790318
2026-06-16,AUD,0.64024233
2026-06-17,AUD,0.6411453
2026-06-18,AUD,0.64216286
2026-06-19,AUD,0.64004592
2026-06-20,AUD,0.64115452
2026-06-21,AUD,0.64234832
2026-06-22,AUD,0.64186954
2026-06-23,AUD,0.64261119
2026-06-24,AUD,0.64310499
2026-06-25,AUD,0.64341433
2026-06-26,AUD,0.64442041
2026-06-27,AUD,0.64195726
2026-06-28,AUD,0.63988514
2026-06-29,AUD,0.64236866
2026-06-30,AUD,0.64062445
2026-01-01,JPY,0.0067942
2026-01-02,JPY,0.00677628
2026-01-03,JPY,0.00678313
2026-01-04,JPY,0.00676432
2026-01-05,JPY,0.00674451
2026-01-06,JPY,0.0067611
2026-01-07,JPY,0.00676324
2026-01-08,JPY,0.0067848
2026-01-09,JPY,0.00680916
2026-01-10,JPY,0.00681273
2026-01-11,JPY,0.00681366
2026-01-12,JPY,0.0068001
2026-01-13,JPY,0.00678046
2026-01-14,JPY,0.00674807
2026-01-15,JPY,0.00676404
2026-01-16,JPY,0.00674632
2026-01-17,JPY,0.00678849
2026-01-18,JPY,0.00679116
2026-01-19,JPY,0.00677816
2026-01-20,JPY,0.00677446
2026-01-21,JPY,0.00676671
2026-01-22,JPY,0.00677327
2026-01-23,JPY,0.00677583
2026-01-24,JPY,0.0067916
2026-01-25,JPY,0.00677275
2026-01-26,JPY,0.00678468
2026-01-27,JPY,0.00678161
2026-01-28,JPY,0.0067602
2026-01-29,JPY,0.00677285
2026-01-30,JPY,0.00676162
2026-01-31,JPY,0.00676063
2026-02-01,JPY,0.00675885
2026-02-02,JPY,0.00675807
2026-02-03,JPY,0.00680116
2026-02-04,JPY,0.00677083
2026-02-05,JPY,0.00678627
2026-02-06,JPY,0.0068101
2026-02-07,JPY,0.00678657
2026-02-08,JPY,0.00678719
2026-02-09,JPY,0.00680348
2026-02-10,JPY,0.00680691
2026-02-11,JPY,0.00682844
2026-02-12,JPY,0.00679404
2026-02-13,JPY,0.00678555
2026-02-14,JPY,0.00677842
2026-02-15,JPY,0.00679319
2026-02-16,JPY,0.0067812
2026-02-17,JPY,0.0067446
2026-02-18,JPY,0.0067488
2026-02-19,JPY,0.00676794
2026-02-20,JPY,0.00679207
2026-02-21,JPY,0.00676994
2026-02-22,JPY,0.00675356
2026-02-23,JPY,0.00674983
2026-02-24,JPY,0.0067612
2026-02-25,JPY,0.00676509
2026-02-26,JPY,0.0067816
2026-02-27,JPY,0.00679389
2026-02-28,JPY,0.00682503
2026-03-01,JPY,0.0068116
2026-03-02,JPY,0.0068233
2026-03-03,JPY,0.00682542
2026-03-04,JPY,0.00681568
2026-03-05,JPY,0.00678687
2026-03-06,JPY,0.00680028
2026-03-07,JPY,0.00681985
2026-03-08,JPY,0.00679337
2026-03-09,JPY,0.00679488
2026-03-10,JPY,0.00677681
2026-03-11,JPY,0.00678189
2026-03-12,JPY,0.00679486
2026-03-13,JPY,0.0068007
2026-03-14,JPY,0.00683899
2026-03-15,JPY,0.00683514
2026-03-16,JPY,0.00683629
2026-03-17,JPY,0.00683119
2026-03-18,JPY,0.00680661
2026-03-19,JPY,0.00682903
2026-03-20,JPY,0.00679595
2026-03-21,JPY,0.00680341
2026-03-22,JPY,0.00677141
2026-03-23,JPY,0.00679173
2026-03-24,JPY,0.00680466
2026-03-25,JPY,0.00678785
2026-03-26,JPY,0.00680906
2026-03-27,JPY,0.0068172
2026-03-28,JPY,0.00681494
2026-03-29,JPY,0.00683789
2026-03-30,JPY,0.00683435
2026-03-31,JPY,0.00684933
2026-04-01,JPY,0.00688155
2026-04-02,JPY,0.00688301
2026-04-03,JPY,0.00685067
2026-04-04,JPY,0.00684373
2026-04-05,JPY,0.00684085
2026-04-06,JPY,0.00681905
2026-04-07,JPY,0.00685421
2026-04-08,JPY,0.00685797
2026-04-09,JPY,0.00683711
2026-04-10,JPY,0.00682025
2026-04-11,JPY,0.00682029
2026-04-12,JPY,0.00685149
2026-04-13,JPY,0.00683636
2026-04-14,JPY,0.00680197
2026-04-15,JPY,0.00682199
2026-04-16,JPY,0.00679508
2026-04-17,JPY,0.00682773
2026-04-18,JPY,0.00681859
2026-04-19,JPY,0.00682884
2026-04-20,JPY,0.00682318
2026-04-21,JPY,0.0068123
2026-04-22,JPY,0.00678368
2026-04-23,JPY,0.0067889
2026-04-24,JPY,0.0067983
2026-04-25,JPY,0.00678218
2026-04-26,JPY,0.00679372
2026-04-27,JPY,0.00681122
2026-04-28,JPY,0.00680479
2026-04-29,JPY,0.00680735
2026-04-30,JPY,0.00681123
2026-05-01,JPY,0.00679652
2026-05-02,JPY,0.0068206
2026-05-03,JPY,0.00684639
2026-05-04,JPY,0.00685196
2026-05-05,JPY,0.00684813
2026-05-06,JPY,0.00681084
2026-05-07,JPY,0.00681433
2026-05-08,JPY,0.00683017
2026-05-09,JPY,0.00681242
2026-05-10,JPY,0.00682419
2026-05-11,JPY,0.00685352
2026-05-12,JPY,0.00683992
2026-05-13,JPY,0.00683876
2026-05-14,JPY,0.00682843
2026-05-15,JPY,0.00682384
2026-05-16,JPY,0.00683415
2026-05-17,JPY,0.006829
2026-05-18,JPY,0.00685565
2026-05-19,JPY,0.0068578
2026-05-20,JPY,0.00686606
2026-05-21,JPY,0.00681383
2026-05-22,JPY,0.00680503
2026-05-23,JPY,0.00684308
2026-05-24,JPY,0.00685562
2026-05-25,JPY,0.00686033
2026-05-26,JPY,0.00685082
2026-05-27,JPY,0.0068432
2026-05-28,JPY,0.00683836
2026-05-29,JPY,0.00682075
2026-05-30,JPY,0.00684039
2026-05-31,JPY,0.00681702
2026-06-01,JPY,0.00682815
2026-06-02,JPY,0.00679595
2026-06-03,JPY,0.00680797
2026-06-04,JPY,0.00679734
2026-06-05,JPY,0.00679384
2026-06-06,JPY,0.00675036
2026-06-07,JPY,0.00674587
2026-06-08,JPY,0.00677436
2026-06-09,JPY,0.0067755
2026-06-10,JPY,0.00674358
2026-06-11,JPY,0.00673013
2026-06-12,JPY,0.00676687
2026-06-13,JPY,0.00674748
2026-06-14,JPY,0.00674931
2026-06-15,JPY,0.0067583
2026-06-16,JPY,0.00677414
2026-06-17,JPY,0.0067664
2026-06-18,JPY,0.00676719
2026-06-19,JPY,0.00679015
2026-06-20,JPY,0.00677129
2026-06-21,JPY,0.00675424
2026-06-22,JPY,0.00675372
2026-06-23,JPY,0.00675871
2026-06-24,JPY,0.00675524
2026-06-25,JPY,0.0067329
2026-06-26,JPY,0.0067553
2026-06-27,JPY,0.00676312
2026-06-28,JPY,0.00674406
2026-06-29,JPY,0.00676251
2026-06-30,JPY,0.00678122
2026-01-01,KRW,0.00074105
2026-01-02,KRW,0.00074094
2026-01-03,KRW,0.00074315
2026-01-04,KRW,0.00074266
2026-01-05,KRW,0.00074365
2026-01-06,KRW,0.00074326
2026-01-07,KRW,0.0007416
2026-01-08,KRW,0.00074115
2026-01-09,KRW,0.00074096
2026-01-10,KRW,0.00074236
2026-01-11,KRW,0.0007383
2026-01-12,KRW,0.00073656
2026-01-13,KRW,0.0007377
2026-01-14,KRW,0.00073608
2026-01-15,KRW,0.00073594
2026-01-16,KRW,0.00073836
2026-01-17,KRW,0.00074052
2026-01-18,KRW,0.00074361
2026-01-19,KRW,0.00074437
2026-01-20,KRW,0.00074236
2026-01-21,KRW,0.00074339
2026-01-22,KRW,0.00074386
2026-01-23,KRW,0.00074499
2026-01-24,KRW,0.0007459
2026-01-25,KRW,0.00074474
2026-01-26,KRW,0.00074607
2026-01-27,KRW,0.00074716
2026-01-28,KRW,0.00074903
2026-01-29,KRW,0.00074946
2026-01-30,KRW,0.00074543
2026-01-31,KRW,0.00074448
2026-02-01,KRW,0.00074617
2026-02-02,KRW,0.00074606
2026-02-03,KRW,0.00074711
2026-02-04,KRW,0.00074364
2026-02-05,KRW,0.00074529
2026-02-06,KRW,0.00074601
2026-02-07,KRW,0.00074617
2026-02-08,KRW,0.00074731
2026-02-09,KRW,0.00074991
2026-02-10,KRW,0.00074802
2026-02-11,KRW,0.00074852
2026-02-12,KRW,0.00074762
2026-02-13,KRW,0.0007441
2026-02-14,KRW,0.00074311
2026-02-15,KRW,0.0007422
2026-02-16,KRW,0.00074477
2026-02-17,KRW,0.00074489
2026-02-18,KRW,0.00074398
2026-02-19,KRW,0.00074259
2026-02-20,KRW,0.00074285
2026-02-21,KRW,0.0007389
2026-02-22,KRW,0.00073687
2026-02-23,KRW,0.00073568
2026-02-24,KRW,0.00073479
2026-02-25,KRW,0.00073525
2026-02-26,KRW,0.00073946
2026-02-27,KRW,0.00073932
2026-02-28,KRW,0.00073928
2026-03-01,KRW,0.00073933
2026-03-02,KRW,0.0007371
2026-03-03,KRW,0.00073561
2026-03-04,KRW,0.00073405
2026-03-05,KRW,0.00073343
2026-03-06,KRW,0.00073286
2026-03-07,KRW,0.00073338
2026-03-08,KRW,0.00073455
2026-03-09,KRW,0.00073767
2026-03-10,KRW,0.0007387
2026-03-11,KRW,0.00074038
2026-03-12,KRW,0.00074088
2026-03-13,KRW,0.00073976
2026-03-14,KRW,0.0007403
2026-03-15,KRW,0.00074167
2026-03-16,KRW,0.00074128
2026-03-17,KRW,0.0007421
2026-03-18,KRW,0.00074108
2026-03-19,KRW,0.00073765
2026-03-20,KRW,0.0007406
2026-03-21,KRW,0.00073867
2026-03-22,KRW,0.00073863
2026-03-23,KRW,0.00073374
2026-03-24,KRW,0.00073484
2026-03-25,KRW,0.00073291
2026-03-26,KRW,0.00073091
2026-03-27,KRW,0.00073021
2026-03-28,KRW,0.00072944
2026-03-29,KRW,0.00072631
2026-03-30,KRW,0.00072796
2026-03-31,KRW,0.00072445
2026-04-01,KRW,0.00072595
2026-04-02,KRW,0.00072676
2026-04-03,KRW,0.00072664
2026-04-04,KRW,0.0007262
2026-04-05,KRW,0.00072896
2026-04-06,KRW,0.00072816
2026-04-07,KRW,0.00072738
2026-04-08,KRW,0.00072737
2026-04-09,KRW,0.00073348
2026-04-10,KRW,0.00073225
2026-04-11,KRW,0.00073125
2026-04-12,KRW,0.00073464
2026-04-13,KRW,0.00073437
2026-04-14,KRW,0.00073584
2026-04-15,KRW,0.00073485
2026-04-16,KRW,0.00073138
2026-04-17,KRW,0.00073176
2026-04-18,KRW,0.00072881
2026-04-19,KRW,0.0007284
2026-04-20,KRW,0.00072922
2026-04-21,KRW,0.00072889
2026-04-22,KRW,0.00073163
2026-04-23,KRW,0.00073377
2026-04-24,KRW,0.00073537
2026-04-25,KRW,0.00073417
2026-04-26,KRW,0.00073515
2026-04-27,KRW,0.0007357
2026-04-28,KRW,0.00073683
2026-04-29,KRW,0.0007399
2026-04-30,KRW,0.00074171
2026-05-01,KRW,0.0007422
2026-05-02,KRW,0.00074446
2026-05-03,KRW,0.00074753
2026-05-04,KRW,0.0007504
2026-05-05,KRW,0.00075364
2026-05-06,KRW,0.00075187
2026-05-07,KRW,0.00075441
2026-05-08,KRW,0.0007528
2026-05-09,KRW,0.0007537
2026-05-10,KRW,0.00075373
2026-05-11,KRW,0.00075462
2026-05-12,KRW,0.00075285
2026-05-13,KRW,0.00075174
2026-05-14,KRW,0.00075013
2026-05-15,KRW,0.00074646
2026-05-16,KRW,0.00074702
2026-05-17,KRW,0.00074905
2026-05-18,KRW,0.00074856
2026-05-19,KRW,0.00074715
2026-05-20,KRW,0.00074544
2026-05-21,KRW,0.00074449
2026-05-22,KRW,0.00074231
2026-05-23,KRW,0.00073957
2026-05-24,KRW,0.00074432
2026-05-25,KRW,0.00074405
2026-05-26,KRW,0.00074438
2026-05-27,KRW,0.00074726
2026-05-28,KRW,0.00074658
2026-05-29,KRW,0.00074543
2026-05-30,KRW,0.00074694
2026-05-31,KRW,0.00074342
2026-06-01,KRW,0.00074353
2026-06-02,KRW,0.00074476
2026-06-03,KRW,0.0007439
2026-06-04,KRW,0.0007412
2026-06-05,KRW,0.00073934
2026-06-06,KRW,0.0007396
2026-06-07,KRW,0.00074186
2026-06-08,KRW,0.00074346
2026-06-09,KRW,0.00074154
2026-06-10,KRW,0.00074248
2026-06-11,KRW,0.00074221
2026-06-12,KRW,0.00074545
2026-06-13,KRW,0.00074504
2026-06-14,KRW,0.0007461
2026-06-15,KRW,0.00074492
2026-06-16,KRW,0.00074604
2026-06-17,KRW,0.0007455
2026-06-18,KRW,0.00074305
2026-06-19,KRW,0.00074375
2026-06-20,KRW,0.00074239
2026-06-21,KRW,0.00073788
2026-06-22,KRW,0.00073905
2026-06-23,KRW,0.00073699
2026-06-24,KRW,0.0007374
2026-06-25,KRW,0.00073709
2026-06-26,KRW,0.00073768
2026-06-27,KRW,0.00074042
2026-06-28,KRW,0.00074237
2026-06-29,KRW,0.00074296
2026-06-30,KRW,0.00074239
2026-01-01,INR,0.01199636
2026-01-02,INR,0.01200022
2026-01-03,INR,0.01202193
2026-01-04,INR,0.01200629
2026-01-05,INR,0.01198239
2026-01-06,INR,0.01197564
2026-01-07,INR,0.01196559
2026-01-08,INR,0.01193374
2026-01-09,INR,0.01193465
2026-01-10,INR,0.01189206
2026-01-11,INR,0.01188124
2026-01-12,INR,0.01185695
2026-01-13,INR,0.01189356
2026-01-14,INR,0.01190311
2026-01-15,INR,0.011833
2026-01-16,INR,0.01184164
2026-01-17,INR,0.01180866
2026-01-18,INR,0.01182158
2026-01-19,INR,0.01179052
2026-01-20,INR,0.01177372
2026-01-21,INR,0.01179306
2026-01-22,INR,0.01176436
2026-01-23,INR,0.01175379
2026-01-24,INR,0.01173528
2026-01-25,INR,0.01175764
2026-01-26,INR,0.0117478
2026-01-27,INR,0.01171494
2026-01-28,INR,0.0117367
2026-01-29,INR,0.01176424
2026-01-30,INR,0.01176723
2026-01-31,INR,0.01175946
2026-02-01,INR,0.01171965
2026-02-02,INR,0.01174924
2026-02-03,INR,0.01171516
2026-02-04,INR,0.01169867
2026-02-05,INR,0.01172723
2026-02-06,INR,0.01170172
2026-02-07,INR,0.0116879
2026-02-08,INR,0.0116233
2026-02-09,INR,0.01165809
2026-02-10,INR,0.01167779
2026-02-11,INR,0.01169112
2026-02-12,INR,0.01171551
2026-02-13,INR,0.01174207
2026-02-14,INR,0.01171386
2026-02-15,INR,0.01175516
2026-02-16,INR,0.01179597
2026-02-17,INR,0.01175423
2026-02-18,INR,0.01174945
2026-02-19,INR,0.01176206
2026-02-20,INR,0.0117469
2026-02-21,INR,0.01175139
2026-02-22,INR,0.01174539
2026-02-23,INR,0.01173025
2026-02-24,INR,0.01172511
2026-02-25,INR,0.01182776
2026-02-26,INR,0.01186418
2026-02-27,INR,0.01191511
2026-02-28,INR,0.01193677
2026-03-01,INR,0.01190582
2026-03-02,INR,0.01192504
2026-03-03,INR,0.01188492
2026-03-04,INR,0.01187294
2026-03-05,INR,0.01186112
2026-03-06,INR,0.01185387
2026-03-07,INR,0.01181779
2026-03-08,INR,0.01181911
2026-03-09,INR,0.01183062
2026-03-10,INR,0.01180932
2026-03-11,INR,0.01179909
2026-03-12,INR,0.01186899
2026-03-13,INR,0.01182559
2026-03-14,INR,0.01180004
2026-03-15,INR,0.01183819
2026-03-16,INR,0.0118704
2026-03-17,INR,0.01187229
2026-03-18,INR,0.01186054
2026-03-19,INR,0.01181493
2026-03-20,INR,0.01180814
2026-03-21,INR,0.01178838
2026-03-22,INR,0.01180487
2026-03-23,INR,0.01182279
2026-03-24,INR,0.0118693
2026-03-25,INR,0.01182627
2026-03-26,INR,0.01182334
2026-03-27,INR,0.01188251
2026-03-28,INR,0.01183296
2026-03-29,INR,0.01187697
2026-03-30,INR,0.01183685
2026-03-31,INR,0.01180917
2026-04-01,INR,0.01179714
2026-04-02,INR,0.0117676
2026-04-03,INR,0.01183223
2026-04-04,INR,0.01181861
2026-04-05,INR,0.01181837
2026-04-06,INR,0.01186305
2026-04-07,INR,0.01186126
2026-04-08,INR,0.01188277
2026-04-09,INR,0.01185241
2026-04-10,INR,0.01188191
2026-04-11,INR,0.01191422
2026-04-12,INR,0.01189245
2026-04-13,INR,0.01192215
2026-04-14,INR,0.01193003
2026-04-15,INR,0.01197647
2026-04-16,INR,0.01200278
2026-04-17,INR,0.01200809
2026-04-18,INR,0.01197826
2026-04-19,INR,0.01200202
2026-04-20,INR,0.01204605
2026-04-21,INR,0.01205177
2026-04-22,INR,0.01207531
2026-04-23,INR,0.01211615
2026-04-24,INR,0.01209809
2026-04-25,INR,0.01214071
2026-04-26,INR,0.0121319
2026-04-27,INR,0.0121087
2026-04-28,INR,0.01212815
2026-04-29,INR,0.01214544
2026-04-30,INR,0.01217263
2026-05-01,INR,0.01216937
2026-05-02,INR,0.01216393
2026-05-03,INR,0.01209924
2026-05-04,INR,0.01212743
2026-05-05,INR,0.01212415
2026-05-06,INR,0.0121106
2026-05-07,INR,0.01209231
2026-05-08,INR,0.01209997
2026-05-09,INR,0.01206751
2026-05-10,INR,0.0120858
2026-05-11,INR,0.01205055
2026-05-12,INR,0.01206674
2026-05-13,INR,0.01210883
2026-05-14,INR,0.01216007
2026-05-15,INR,0.01213558
2026-05-16,INR,0.0121496
2026-05-17,INR,0.01217745
2026-05-18,INR,0.01221036
2026-05-19,INR,0.01216669
2026-05-20,INR,0.01219224
2026-05-21,INR,0.01218464
2026-05-22,INR,0.01212584
2026-05-23,INR,0.01212631
2026-05-24,INR,0.01211037
2026-05-25,INR,0.01211806
2026-05-26,INR,0.01212904
2026-05-27,INR,0.01210316
2026-05-28,INR,0.01210713
2026-05-29,INR,0.01219219
2026-05-30,INR,0.01211499
2026-05-31,INR,0.01212767
2026-06-01,INR,0.01215997
2026-06-02,INR,0.01220332
2026-06-03,INR,0.01222337
2026-06-04,INR,0.01224339
2026-06-05,INR,0.01224282
2026-06-06,INR,0.01224613
2026-06-07,INR,0.01224893
2026-06-08,INR,0.01226788
2026-06-09,INR,0.01229319
2026-06-10,INR,0.01230312
2026-06-11,INR,0.01232701
2026-06-12,INR,0.01233836
2026-06-13,INR,0.01225599
2026-06-14,INR,0.01226154
2026-06-15,INR,0.01221654
2026-06-16,INR,0.01214268
2026-06-17,INR,0.0121019
2026-06-18,INR,0.01212341
2026-06-19,INR,0.01214072
2026-06-20,INR,0.01211386
2026-06-21,INR,0.01215172
2026-06-22,INR,0.01215007
2026-06-23,INR,0.01214112
2026-06-24,INR,0.01215702
2026-06-25,INR,0.01215931
2026-06-26,INR,0.01215269
2026-06-27,INR,0.01211317
2026-06-28,INR,0.01213878
2026-06-29,INR,0.01209176
2026-06-30,INR,0.0120716
2026-01-01,HKD,0.12820241
2026-01-02,HKD,0.12803339
2026-01-03,HKD,0.12832246
2026-01-04,HKD,0.12773633
2026-01-05,HKD,0.12789356
2026-01-06,HKD,0.12729017
2026-01-07,HKD,0.1273755
2026-01-08,HKD,0.12736606
2026-01-09,HKD,0.12701506
2026-01-10,HKD,0.12723901
2026-01-11,HKD,0.12765048
2026-01-12,HKD,0.12704663
2026-01-13,HKD,0.12673429
2026-01-14,HKD,0.12678023
2026-01-15,HKD,0.12690326
2026-01-16,HKD,0.12703687
2026-01-17,HKD,0.126834
2026-01-18,HKD,0.12693328
2026-01-19,HKD,0.12682125
2026-01-20,HKD,0.12678226
2026-01-21,HKD,0.1265894
2026-01-22,HKD,0.12658545
2026-01-23,HKD,0.12600393
2026-01-24,HKD,0.1262013
2026-01-25,HKD,0.12640742
2026-01-26,HKD,0.12598388
2026-01-27,HKD,0.12585784
2026-01-28,HKD,0.12572148
2026-01-29,HKD,0.12625706
2026-01-30,HKD,0.12681832
2026-01-31,HKD,0.12683761
2026-02-01,HKD,0.12694204
2026-02-02,HKD,0.1270028
2026-02-03,HKD,0.12705293
2026-02-04,HKD,0.12712121
2026-02-05,HKD,0.12703461
2026-02-06,HKD,0.12689004
2026-02-07,HKD,0.12682101
2026-02-08,HKD,0.1270866
2026-02-09,HKD,0.12669441
2026-02-10,HKD,0.12632575
2026-02-11,HKD,0.12572208
2026-02-12,HKD,0.12552195
2026-02-13,HKD,0.12583181
2026-02-14,HKD,0.12612129
2026-02-15,HKD,0.12641098
2026-02-16,HKD,0.12643986
2026-02-17,HKD,0.12658038
2026-02-18,HKD,0.12652774
2026-02-19,HKD,0.12614877
2026-02-20,HKD,0.12558128
2026-02-21,HKD,0.12531572
2026-02-22,HKD,0.12490189
2026-02-23,HKD,0.12503649
2026-02-24,HKD,0.12515635
2026-02-25,HKD,0.12508399
2026-02-26,HKD,0.12552141
2026-02-27,HKD,0.12510594
2026-02-28,HKD,0.12519457
2026-03-01,HKD,0.1248273
2026-03-02,HKD,0.12465743
2026-03-03,HKD,0.12464754
2026-03-04,HKD,0.12487617
2026-03-05,HKD,0.12522408
2026-03-06,HKD,0.12531848
2026-03-07,HKD,0.12493092
2026-03-08,HKD,0.12513543
2026-03-09,HKD,0.1253609
2026-03-10,HKD,0.12556092
2026-03-11,HKD,0.1249376
2026-03-12,HKD,0.12483663
2026-03-13,HKD,0.12421611
2026-03-14,HKD,0.12453348
2026-03-15,HKD,0.12474536
2026-03-16,HKD,0.12519579
2026-03-17,HKD,0.12542958
2026-03-18,HKD,0.12551731
2026-03-19,HKD,0.12609574
2026-03-20,HKD,0.12613206
2026-03-21,HKD,0.12601838
2026-03-22,HKD,0.12666375
2026-03-23,HKD,0.12652911
2026-03-24,HKD,0.12730837
2026-03-25,HKD,0.12735177
2026-03-26,HKD,0.1276046
2026-03-27,HKD,0.12802407
2026-03-28,HKD,0.12820322
2026-03-29,HKD,0.12804318
2026-03-30,HKD,0.12829397
2026-03-31,HKD,0.12848643
2026-04-01,HKD,0.12839271
2026-04-02,HKD,0.12852049
2026-04-03,HKD,0.12878205
2026-04-04,HKD,0.12901919
2026-04-05,HKD,0.1291417
2026-04-06,HKD,0.12958391
2026-04-07,HKD,0.12935699
2026-04-08,HKD,0.12901973
2026-04-09,HKD,0.12889663
2026-04-10,HKD,0.12913076
2026-04-11,HKD,0.1298501
2026-04-12,HKD,0.13020449
2026-04-13,HKD,0.13017388
2026-04-14,HKD,0.13010063
2026-04-15,HKD,0.13070327
2026-04-16,HKD,0.13068401
2026-04-17,HKD,0.13100893
2026-04-18,HKD,0.13117013
2026-04-19,HKD,0.13100738
2026-04-20,HKD,0.13107099
2026-04-21,HKD,0.13167691
2026-04-22,HKD,0.13165865
2026-04-23,HKD,0.13196982
2026-04-24,HKD,0.13218002
2026-04-25,HKD,0.13232446
2026-04-26,HKD,0.13265732
2026-04-27,HKD,0.13248269
2026-04-28,HKD,0.13268758
2026-04-29,HKD,0.13257638
2026-04-30,HKD,0.13220576
2026-05-01,HKD,0.13238568
2026-05-02,HKD,0.13215724
2026-05-03,HKD,0.13220631
2026-05-04,HKD,0.13243201
2026-05-05,HKD,0.13207965
2026-05-06,HKD,0.13238063
2026-05-07,HKD,0.13280511
2026-05-08,HKD,0.13335937
2026-05-09,HKD,0.13355663
2026-05-10,HKD,0.13337178
2026-05-11,HKD,0.13308008
2026-05-12,HKD,0.13312801
2026-05-13,HKD,0.13380846
2026-05-14,HKD,0.13378481
2026-05-15,HKD,0.13352866
2026-05-16,HKD,0.13342618
2026-05-17,HKD,0.13374539
2026-05-18,HKD,0.13427276
2026-05-19,HKD,0.13444902
2026-05-20,HKD,0.13403253
2026-05-21,HKD,0.13390981
2026-05-22,HKD,0.13377355
2026-05-23,HKD,0.13337753
2026-05-24,HKD,0.13364645
2026-05-25,HKD,0.13401886
2026-05-26,HKD,0.13337717
2026-05-27,HKD,0.13308294
2026-05-28,HKD,0.13298975
2026-05-29,HKD,0.13281178
2026-05-30,HKD,0.13300119
2026-05-31,HKD,0.13295605
2026-06-01,HKD,0.13362948
2026-06-02,HKD,0.13336489
2026-06-03,HKD,0.13413294
2026-06-04,HKD,0.13419609
2026-06-05,HKD,0.13411699
2026-06-06,HKD,0.13392655
2026-06-07,HKD,0.13444385
2026-06-08,HKD,0.13437853
2026-06-09,HKD,0.13376082
2026-06-10,HKD,0.13348222
2026-06-11,HKD,0.13391116
2026-06-12,HKD,0.13403344
2026-06-13,HKD,0.13420578
2026-06-14,HKD,0.13395255
2026-06-15,HKD,0.13377612
2026-06-16,HKD,0.13384376
2026-06-17,HKD,0.13326863
2026-06-18,HKD,0.13302114
2026-06-19,HKD,0.13279971
2026-06-20,HKD,0.13279971
2026-06-21,HKD,0.13306554
2026-06-22,HKD,0.13356198
2026-06-23,HKD,0.13341624
2026-06-24,HKD,0.13366581
2026-06-25,HKD,0.13355296
2026-06-26,HKD,0.13403763
2026-06-27,HKD,0.13434449
2026-06-28,HKD,0.13389333
2026-06-29,HKD,0.13367923
2026-06-30,HKD,0.13367406
